timestamp,tweet_text,username,all_hashtags,followers_count
2020-03-26 12:55:25,b'#italia #italy #italie #italien #COVID19 #COVID2019 #COVID19italia #coronavirus #coronavirusitalia #CoronaVirusitaly #covid19italy #italexit #QAnons  Italians  asking  for  50 euro cos they have no more moneys and government not helping citizens https://t.co/kjNvtEAfUj',b'geg93626969',"['italia', 'italy', 'italie', 'italien', 'COVID19', 'COVID2019', 'COVID19italia', 'coronavirus', 'coronavirusitalia', 'CoronaVirusitaly', 'covid19italy', 'italexit', 'QAnons']",49
2020-03-26 12:44:18,b'The perfect T-Rex anti-#coronavirus costume. Lately more and more dinosaurs have appeared on our streets during quarantine!  #Corona #COVID #CoronaVirusUpdate #COVID19italia #StayAtHome #lockdown #CoronavirusPandemic #Koronovirus #Korona #CoronaVirusUpdates #Italia #staysafe https://t.co/PxB4ivVpej',b'FarukFirat1987',"['coronavirus', 'Corona', 'COVID', 'CoronaVirusUpdate', 'COVID19italia', 'StayAtHome', 'lockdown', 'CoronavirusPandemic', 'Koronovirus', 'Korona', 'CoronaVirusUpdates', 'Italia', 'staysafe']",954
2020-03-26 12:32:23,"b""In Italy's hour of need it is Russia (not in EU) which helps Italy. Not the EU. The EU really is a disgusting organisation. Italy should leave the EU. (#CoronaVirusLockdown #CoronaVirusLockdownUK #CoronaVirus #CoronaOut #COVID #Covid19Out #CoVid19UK #LatestNews #Italia #Notizia) https://t.co/o2Y5Ocadq3""",b'BrexitLondon',"['CoronaVirusLockdown', 'CoronaVirusLockdownUK', 'CoronaVirus', 'CoronaOut', 'COVID', 'Covid19Out', 'CoVid19UK', 'LatestNews', 'Italia', 'Notizia']",19891
2020-03-26 12:27:29,"b""In Italy's hour of need it is Russia (not in the EU) which helps Italy. Not the EU. The EU really is a disgusting organisation. Italy should leave the EU. (#Italy #Italia #News #Notizia) (#Quitaly #Italexit) (#CoronaVirus #CoronaVirusItaly #CoronaVirusItalia) https://t.co/o2Y5Ocadq3""",b'BrexitLondon',"['Italy', 'Italia', 'News', 'Notizia', 'Quitaly', 'Italexit', 'CoronaVirus', 'CoronaVirusItaly', 'CoronaVirusItalia']",19891
2020-03-26 12:24:09,b'\xf0\x9f\x98\xad\xf0\x9f\x8e\xbbThe violins of the whole world cry with you in such painful moments. We love you Cremonese and accompany you in these painful moments. \xf0\x9f\x92\x95  #Cremona #Coronavirus #Italia #Lombardia #violino @laprovinciacr @Cremonaoggi @CremonaoggiLive https://t.co/8XTNm7jKdJ',b't0mi1k',"['Cremona', 'Coronavirus', 'Italia', 'Lombardia', 'violino']",39
2020-03-26 12:15:29,"b'#BREAKING: Russian military convoy in Rome, on the way to Bergamo, #Italy  #coronavirus #Corona #COVID #COVID\xe3\x83\xbc19 #COVID19 #CoronaVirusUpdate #coronapocalypse #CoronaVirusDE #COVID19italia #StayAtHome #lockdown #CoronavirusPandemic #Koronovirus #Korona #CoronaVirusUpdates #Italia https://t.co/7Sg0yTeNtV'",b'FarukFirat1987',"['BREAKING', 'Italy', 'coronavirus', 'Corona', 'COVID', 'COVIDー19', 'COVID19', 'CoronaVirusUpdate', 'coronapocalypse', 'CoronaVirusDE', 'COVID19italia', 'StayAtHome', 'lockdown', 'CoronavirusPandemic', 'Koronovirus', 'Korona', 'CoronaVirusUpdates', 'Italia']",954
2020-03-26 12:08:12,b'How an Italian start-up turned snorkelling masks into ventilators  #technology #startup #3Dprinting #COVID19 #coronavirus #italy #Italia @ISINNOVA @decathalon  https://t.co/Qi6XDjIg0B via @TheNationalUAE',b'MDerhally',"['technology', 'startup', '3Dprinting', 'COVID19', 'coronavirus', 'italy', 'Italia']",482
2020-03-26 11:17:07,"b""Think of others. Don't leave your house unless you absolutely have to. Listen to the scientists. Wash your hands.  The longer we screw around, the longer we will be in lockdown.  #coronavirus #italia #COVID19 #stayathome""",b'lizmetzrugrat',"['coronavirus', 'italia', 'COVID19', 'stayathome']",11
2020-03-26 11:03:01,b'2.2.  2.1.  COVID19 &amp; Germany ! .  [ #COVID19 #CoronaVirus ]  #Coronavirusgermany #Germany...#covid19UK #Covid19usa #USA #NewYorkCity  #NewYorkCoronavirus #EU #Italia  (@GiuseppeConteIT @Palazzo_Chigi @DPCgov ) #China  #Russia #Cuba #SouthKorea #Schweiz \xe2\xac\x87\xef\xb8\x8f\xe2\xac\x87\xef\xb8\x8f\xe2\xac\x87\xef\xb8\x8f\xe2\xac\x87\xef\xb8\x8f\xe2\xac\x87\xef\xb8\x8f\xe2\xac\x87\xef\xb8\x8f\xe2\xac\x87\xef\xb8\x8f https://t.co/tkvvS0GvdC',b'pizzaital',"['COVID19', 'CoronaVirus', 'Coronavirusgermany', 'Germany', 'covid19UK', 'Covid19usa', 'USA', 'NewYorkCity', 'NewYorkCoronavirus', 'EU', 'Italia', 'China', 'Russia', 'Cuba', 'SouthKorea', 'Schweiz']",3762
2020-03-26 10:59:37,b'2.1.  COVID19 &amp; Germany ! .  [ #COVID19 #CoronaVirus ]  #Coronavirusgermany #Germany...#covid19UK #Covid19usa #USA #NewYorkCity  #NewYorkCoronavirus #EU #Italia  (@GiuseppeConteIT @Palazzo_Chigi @DPCgov ) #China  #Russia #Cuba #SouthKorea #Schweiz https://t.co/ViSUfCMmXf',b'pizzaital',"['COVID19', 'CoronaVirus', 'Coronavirusgermany', 'Germany', 'covid19UK', 'Covid19usa', 'USA', 'NewYorkCity', 'NewYorkCoronavirus', 'EU', 'Italia', 'China', 'Russia', 'Cuba', 'SouthKorea', 'Schweiz']",3762
2020-03-26 10:52:03,"b'In #Bergamo, the mayor says, the morgues are full and the numbers of dead are underestimated.  #Italia #Italy #coronavirus  #StayAtHome #restezchezvous    https://t.co/N2StGFIsPp'",b'ET_Id883_1',"['Bergamo', 'Italia', 'Italy', 'coronavirus', 'StayAtHome', 'restezchezvous']",566
2020-03-26 10:40:06,"b'Italia  #italy, #palazzochigi, #governo, #bandiera, #tricolore, #emergenza, #coronavirus, #italia https://t.co/tZlkgkmAhi'",b'gennaroleonardi',"['italy', 'palazzochigi', 'governo', 'bandiera', 'tricolore', 'emergenza', 'coronavirus', 'italia']",119
2020-03-26 10:39:25,b'@Agenzia_Ansa When you greet a relative who goes to the hospital and you see him again in an urn  #Italy #Italia #coronavirus #CoronaVirusItaly #CoronaVirusItalia #COVID19 #COVID\xe3\x83\xbc19 #Covid_19 #COVID2019',b'Geo_AfterWorld',"['Italy', 'Italia', 'coronavirus', 'CoronaVirusItaly', 'CoronaVirusItalia', 'COVID19', 'COVIDー19', 'Covid_19', 'COVID2019']",202
2020-03-26 10:21:20,b'2/  #Professor Dr. Walter #Veith from South-#Africa... Die #Corona - #Agenda... [#COVID19 #CoronaVirus]  (@GiuseppeConteIT @Palazzo_Chigi) #Italia #China #Cuba #Russia #UK  #Schweiz #EU... #Deutschland #journalists #Journalisten  \xe2\x80\xa2 #Video- #link Tweet 1 \xe2\xac\x86\xef\xb8\x8f https://t.co/h9wi9fR8y3',b'pizzaital',"['Professor', 'Veith', 'Africa', 'Corona', 'Agenda', 'COVID19', 'CoronaVirus', 'Italia', 'China', 'Cuba', 'Russia', 'UK', 'Schweiz', 'EU', 'Deutschland', 'journalists', 'Journalisten', 'Video', 'link']",3762
2020-03-26 10:15:18,"b'#CoronavirusPandemic in #Italy: 75,000 cases and almost 7,500 deaths.  #Coronavirus #photography #koronavirus #Covid19 #CoronaOutbreak #SocialDistancing #Italia #korona #health #stayhome #stayhomesavelives https://t.co/jVWRtSPxzO'",b'TravelWithXtina',"['CoronavirusPandemic', 'Italy', 'Coronavirus', 'photography', 'koronavirus', 'Covid19', 'CoronaOutbreak', 'SocialDistancing', 'Italia', 'korona', 'health', 'stayhome', 'stayhomesavelives']",8049
2020-03-26 10:11:35,"b'#Conte: ""Virus is like the wind blowing."" #COVID2019 #coronavirus #Italia https://t.co/GJANHLvZcq'",b'Melaion',"['Conte', 'COVID2019', 'coronavirus', 'Italia']",2246
2020-03-26 09:57:34,b'My spanjol ( Spanish friends what she says when that full &amp; idiots stopping her to talk ?   Video of a very gorgeous girl \xf0\x9f\x91\xa7 num num!   #Spania #italia #coronavirus who make everyone supper flop !  Hollywood becomes the biggest loser here .. also Bollywood who making many fake \xf0\x9f\x8e\xa5 https://t.co/DBRPynlJUX',b'ZAM90s',"['Spania', 'italia', 'coronavirus']",37
2020-03-26 09:39:45,b'The Maldives Travel Video #COVID #TRAVEL #COVID19 #travelfabrics #italy #travelle #CoronavirusPandemic #travelsocialclub #covid19italy #travelmasti #coronavirus #travelgermany #CoronavirusOutbreak #travellersquere #coronaviruschina #COVID #COVID19 #italia #italy #CoronaInfoCH',b'julycio',"['COVID', 'TRAVEL', 'COVID19', 'travelfabrics', 'italy', 'travelle', 'CoronavirusPandemic', 'travelsocialclub', 'covid19italy', 'travelmasti', 'coronavirus', 'travelgermany', 'CoronavirusOutbreak', 'travellersquere', 'coronaviruschina', 'COVID', 'COVID19', 'italia', 'italy', 'CoronaInfoCH']",4
2020-03-26 09:37:31,"b""'Why so many infections and deaths in northern #Italy, beyond old age?' 'For poisons in the air and in the environment. It's the most industrialized and therefore most polluted area in Italy'  #Italia #coronavirus #COVID19 #COVID\xe3\x83\xbc19 #Covid_19 #COVID2019  https://t.co/OxDpPA77Bg""",b'Geo_AfterWorld',"['Italy', 'Italia', 'coronavirus', 'COVID19', 'COVIDー19', 'Covid_19', 'COVID2019']",202
2020-03-26 08:11:33,"b'Beware #Italia, #China is trying to shift the origin of #coronavirus from #Wuhan to #Lombardia, #Italy. Claiming that #CoronavirusOutbreak started early on 1 Jan 2020.  #COVID19it #covid19italy https://t.co/Kmwrpp2et9'",b'loveiseasyas123',"['Italia', 'China', 'coronavirus', 'Wuhan', 'Lombardia', 'Italy', 'CoronavirusOutbreak', 'COVID19it', 'covid19italy']",71
2020-03-26 07:51:28,"b""'There are luminous examples of #generosity, which bring to my mind the #heroism &amp; #holiness of Father #MaximilianKolbe. There are also terrible stories of the \xe2\x80\x9cside-effects\xe2\x80\x9d of #COVID...' https://t.co/y2GEl3Zdtd #Italia #Italy #WorldNews #Coronavirus #COVID2019 #COVID19Italia""",b'mercatornet',"['generosity', 'heroism', 'holiness', 'MaximilianKolbe', 'COVID', 'Italia', 'Italy', 'WorldNews', 'Coronavirus', 'COVID2019', 'COVID19Italia']",2501
2020-03-26 07:24:45,"b'""It has become evident that those who do not pay taxes do not only commit a felony but also a crime: if there are not enough hospital beds and artificial respirators, it is also their fault,"" #EconTwitter #COVID2019 #coronavirus #HealthNow #healthcare #Italia #ItalyCoronavirus https://t.co/WGZyjgubKo'",b'MosconeF',"['EconTwitter', 'COVID2019', 'coronavirus', 'HealthNow', 'healthcare', 'Italia', 'ItalyCoronavirus']",1569
2020-03-26 07:18:40,b'Good news from my good friend re #coronavirus #Italia #Italy #koronavirus #koronafi https://t.co/Uj7EhAXhcG',b'YrjoAho',"['coronavirus', 'Italia', 'Italy', 'koronavirus', 'koronafi']",873
2020-03-26 07:02:57,b'#Coronavirus cases in #Italy #CoronavirusOutbreak 20/02 - 4 25/02 - 323 01/03 - 1.701 05/03 - 3.858 10/03 - 10.149 15/03 - 24.747 20/03 - 47.021 25/03 - 74.386 #CoronavirusPandemic #COVID\xe3\x83\xbc19 #Covid_19 #CoronaVirusUpdate #COVID2019 #CoronaVirusitaly #Italia',b'ANTIYLH',"['Coronavirus', 'Italy', 'CoronavirusOutbreak', 'CoronavirusPandemic', 'COVIDー19', 'Covid_19', 'CoronaVirusUpdate', 'COVID2019', 'CoronaVirusitaly', 'Italia']",6079
2020-03-26 06:30:15,"b""@realDonaldTrump And.. Maybe we'll be the FIRST to come out.. \xf0\x9f\x87\xae\xf0\x9f\x87\xaa #COVID19 #coronavirus #Italia https://t.co/e1Ne8sBUtX""",b'VespaioIl',"['COVID19', 'coronavirus', 'Italia']",54
2020-03-26 06:08:06,b'Quarantine days \xf0\x9f\x98\xb7 #coronavirus #emergency #staysafe #ifyoucan #stop #virus #stayathome #mask #clean #tuttoandr\xc3\xa0bene #forse #shion81 #thesweetway #forza #italia #iononesco #oroscopo\xe2\x80\xa6 https://t.co/ReQK6WkT9w',b'CultEvent_tweet',"['coronavirus', 'emergency', 'staysafe', 'ifyoucan', 'stop', 'virus', 'stayathome', 'mask', 'clean', 'tuttoandràbene', 'forse', 'shion81', 'thesweetway', 'forza', 'italia', 'iononesco', 'oroscopo']",129
2020-03-26 05:39:42,b'#coronavirus situation in #Italy now  Thank you #Cuba doctors. #italystaystrong   #CoronavirusLockdown #COVID2019 #COVID #ChineseVirus #covid19australia #coronavirusitalie #Italia #coronavirussweden #CoronavirusNewYork #USA #Covid19usa #CoronavirusOutbreak #pandemia #COVID2019 https://t.co/YDUGZAwnlN',b'SciAeon',"['coronavirus', 'Italy', 'Cuba', 'italystaystrong', 'CoronavirusLockdown', 'COVID2019', 'COVID', 'ChineseVirus', 'covid19australia', 'coronavirusitalie', 'Italia', 'coronavirussweden', 'CoronavirusNewYork', 'USA', 'Covid19usa', 'CoronavirusOutbreak', 'pandemia', 'COVID2019']",208
2020-03-26 05:23:09,"b'Stay @ Home, Stay Safe, Stay Healthy. . . . Avail Our Services @ https://t.co/Sz7IpAGSAK . . . Like share Follow @ https://t.co/5hIsKRADD5 . . . #covid #coronavirus #corona #virus #wuhan #china #rus #coronav #coronavirusoutbreak #s #viruscorona #ncov #italia #pandemic https://t.co/5iUbu7xrVr'",b'Dropshipping4u1',"['covid', 'coronavirus', 'corona', 'virus', 'wuhan', 'china', 'rus', 'coronav', 'coronavirusoutbreak', 's', 'viruscorona', 'ncov', 'italia', 'pandemic']",23
2020-03-26 04:09:02,b'#Nevada Gov #SteveSisolak is a grandstanding idiot.  Closes #casinos arbitrary 30 days.  Bans doctors prescribing #Coronavirus #drugs.  #Brazil #MAGA #Trump #COVID\xe3\x83\xbc19 #Trump2020  #MeToo\xc2\xa0 #China #Italia #Italy #Russia #France #NYC #travel #news #Spain #US  https://t.co/UxC6yE6rfc',b'TruthAndJust1',"['Nevada', 'SteveSisolak', 'casinos', 'Coronavirus', 'drugs', 'Brazil', 'MAGA', 'Trump', 'COVIDー19', 'Trump2020', 'MeToo', 'China', 'Italia', 'Italy', 'Russia', 'France', 'NYC', 'travel', 'news', 'Spain', 'US']",1162
2020-03-26 03:54:52,b'Italian nurse commits suicide as another 683 people die from #coronavirus. #COVID19  #Covid_19 #\xe0\xb9\x82\xe0\xb8\x84\xe0\xb8\xa7\xe0\xb8\xb4\xe0\xb8\x9719 #COVID\xe3\x83\xbc19 #StayHome #Italia #Italy https://t.co/Q54R8GEApj https://t.co/Lji6LtyyDL',b'asia_bulletin',"['coronavirus', 'COVID19', 'Covid_19', 'โควิท19', 'COVIDー19', 'StayHome', 'Italia', 'Italy']",747
2020-03-26 03:49:07,b'Hotels in Attingal | Hotel Savithri https://t.co/zbNtbwYdUF #HotelsInAttingal #Hotels_in_Attingal #corona #coronavirus #virus #china #viruscorona #kerala #coronainkerala #COVID19  #coronav #coronavirusoutbreak #italia #coronavir #Lockdown21 #epidemic #health #wuhancoronavirus https://t.co/luvcq2e7Ga',b'HotelSavithri',"['HotelsInAttingal', 'Hotels_in_Attingal', 'corona', 'coronavirus', 'virus', 'china', 'viruscorona', 'kerala', 'coronainkerala', 'COVID19', 'coronav', 'coronavirusoutbreak', 'italia', 'coronavir', 'Lockdown21', 'epidemic', 'health', 'wuhancoronavirus']",19
2020-03-26 03:36:34,"b'WATCH:    Based on available evidence, children are also at higher risk for #coronavirus   Video From #iran  &amp; other countries shows children are also dying from #COVID\xe3\x83\xbc19 #virus .   #BREAKING #school #covid19australia #CoronavirusLockdown #corona #virus #italy #italia #FRANCE https://t.co/3kEIIBrdpA'",b'kurdistannews24',"['coronavirus', 'iran', 'COVIDー19', 'virus', 'BREAKING', 'school', 'covid19australia', 'CoronavirusLockdown', 'corona', 'virus', 'italy', 'italia', 'FRANCE']",13115
2020-03-26 02:35:00,b'Beautiful sunset in Greece! Travel #COVID #TRAVEL #COVID19 #travelfabrics #China #travelle #wuhan #travelsocialclub #\xe5\x86\xa0\xe7\x8a\xb6\xe7\x97\x85\xe6\xaf\x92 #travelmasti #coronavirus #travelgermany #CoronavirusOutbreak #travellersquere #coronaviruschina #italia #italy #italie #italien',b'julycio',"['COVID', 'TRAVEL', 'COVID19', 'travelfabrics', 'China', 'travelle', 'wuhan', 'travelsocialclub', '冠状病毒', 'travelmasti', 'coronavirus', 'travelgermany', 'CoronavirusOutbreak', 'travellersquere', 'coronaviruschina', 'italia', 'italy', 'italie', 'italien']",4
2020-03-26 02:33:34,b'Lake Brienz Switzerland Travel #COVID19 #travelfabrics #China #travelle #wuhan #travelsocialclub #\xe5\x86\xa0\xe7\x8a\xb6\xe7\x97\x85\xe6\xaf\x92 #travelmasti #coronavirus #travelgermany #CoronavirusOutbreak #travellersquere #coronaviruschina #italia #italy #italie #italien #CoronaInfoCH #coronavirusEspana',b'julycio',"['COVID19', 'travelfabrics', 'China', 'travelle', 'wuhan', 'travelsocialclub', '冠状病毒', 'travelmasti', 'coronavirus', 'travelgermany', 'CoronavirusOutbreak', 'travellersquere', 'coronaviruschina', 'italia', 'italy', 'italie', 'italien', 'CoronaInfoCH', 'coronavirusEspana']",4
2020-03-26 02:31:30,b'Switzerland Travel #COVID #TRAVEL #COVID19 #travelfabrics #italy #travelle #CoronavirusPandemic #travelsocialclub #covid19italy #travelmasti #coronavirus #travelgermany #CoronavirusOutbreak #travellersquere #coronaviruschina #italia #italy #italie #italien',b'julycio',"['COVID', 'TRAVEL', 'COVID19', 'travelfabrics', 'italy', 'travelle', 'CoronavirusPandemic', 'travelsocialclub', 'covid19italy', 'travelmasti', 'coronavirus', 'travelgermany', 'CoronavirusOutbreak', 'travellersquere', 'coronaviruschina', 'italia', 'italy', 'italie', 'italien']",4
2020-03-26 02:28:12,"b'2/  Based on available evidence, children are also at higher risk for #coronavirus  Video From iran  shows #children are not safe from COVID-19   #BREAKING #school #covid19australia #CoronavirusLockdown #corona #virus #italy #italia #FRANCE  #america  #WHO @WHO #COVID2019   #NEWS https://t.co/IK3UWqmFVQ'",b'kurdistannews24',"['coronavirus', 'children', 'BREAKING', 'school', 'covid19australia', 'CoronavirusLockdown', 'corona', 'virus', 'italy', 'italia', 'FRANCE', 'america', 'WHO', 'COVID2019', 'NEWS']",13115
2020-03-26 02:19:52,"b'WATCH: Video shows #children are not safe from COVID-19   Based on available evidence, children are also at higher risk for #coronavirus    Please stay at home\xf0\x9f\x8c\xbb  #BREAKING #school #covid19australia #CoronavirusLockdown #corona #virus #italy #italia #FRANCE  #america  #Australia https://t.co/mCwQIBkK4c'",b'kurdistannews24',"['children', 'coronavirus', 'BREAKING', 'school', 'covid19australia', 'CoronavirusLockdown', 'corona', 'virus', 'italy', 'italia', 'FRANCE', 'america', 'Australia']",13115
2020-03-26 02:16:40,b'The #MTA says crews will now clean #subway stations twice per day because of the #coronavirusoutbreak Are you using subways #COVID #COVID19 #italia #CoronavirusPandemic #CoronaInfoCH #coronavirus #coronaviruschina #CoronaVirusItaly #CoronaVirusIran #CoronavirusPandemic',b'julycio',"['MTA', 'subway', 'coronavirusoutbreak', 'COVID', 'COVID19', 'italia', 'CoronavirusPandemic', 'CoronaInfoCH', 'coronavirus', 'coronaviruschina', 'CoronaVirusItaly', 'CoronaVirusIran', 'CoronavirusPandemic']",4
2020-03-26 02:13:44,"b'Air balloons in Cappadocia, Turkey #COVID #TRAVEL #COVID19 #travelfabrics #China #travelle #wuhan #travelsocialclub #\xe5\x86\xa0\xe7\x8a\xb6\xe7\x97\x85\xe6\xaf\x92 #travelmasti #coronavirus #travelgermany #CoronavirusOutbreak #travellersquere #coronaviruschina #italia #italy #italie #italien'",b'julycio',"['COVID', 'TRAVEL', 'COVID19', 'travelfabrics', 'China', 'travelle', 'wuhan', 'travelsocialclub', '冠状病毒', 'travelmasti', 'coronavirus', 'travelgermany', 'CoronavirusOutbreak', 'travellersquere', 'coronaviruschina', 'italia', 'italy', 'italie', 'italien']",4
2020-03-26 01:36:17,"b'Aqua Dome, Austria TRAVEL via: mariefeandjakesnow #COVID #TRAVEL #COVID19 #travelfabrics #italy #travelle #CoronavirusPandemic #travelsocialclub #covid19italy #travelmasti #coronavirus #travelgermany #CoronavirusOutbreak #travellersquere #coronaviruschina #italia #italy #italie'",b'foerster_marie',"['COVID', 'TRAVEL', 'COVID19', 'travelfabrics', 'italy', 'travelle', 'CoronavirusPandemic', 'travelsocialclub', 'covid19italy', 'travelmasti', 'coronavirus', 'travelgermany', 'CoronavirusOutbreak', 'travellersquere', 'coronaviruschina', 'italia', 'italy', 'italie']",17
2020-03-26 00:50:36,b'Italians showing their positive spirits during this difficult lockdown period  via: ill_fato &amp; alberto_anguzza #COVID #COVID19 #italia #italy #CoronaInfoCH #coronavirus #CoronavirusOutbreak #coronaviruschina #CoronaVirusItaly #CoronaVirusIran #CoronavirusPandemic',b'foerster_marie',"['COVID', 'COVID19', 'italia', 'italy', 'CoronaInfoCH', 'coronavirus', 'CoronavirusOutbreak', 'coronaviruschina', 'CoronaVirusItaly', 'CoronaVirusIran', 'CoronavirusPandemic']",17
2020-03-26 00:41:36,"b""I used to live in Italy.  These pic are my fav country town of Italy. I luv yr country with such a beautiful sight lol  Don't lose to the coronavirus.  From Japan with LOVE  #Italia #COVID19 #COVID2019 #coronavirus #21daylockdown https://t.co/xCFOhfldz1""",b'haru_kasu_chan',"['Italia', 'COVID19', 'COVID2019', 'coronavirus', '21daylockdown']",642
2020-03-26 00:27:55,"b'mmm... too soon to celebrate or we just take the good news as they come because it is a good way to stay sane, after all? #italy #italia #coronavirus https://t.co/bg1Uov4A7D'",b'Maurizio',"['italy', 'italia', 'coronavirus']",22522
2020-03-25 23:51:03,b'Fifteen years ago. Amazing Nostalgic moments. https://t.co/lrcq2Xa6DC  #inter #intersampdoria #calcio #ForzaInter #StayHome #stayathome #football #soccer #greatestcomeback #recoba #Internazionale #nerazurri #COVID19 #coronavirus #memories #Greatmoments #nostalgia #italia #milano',b'Ardalan_Ahmad',"['inter', 'intersampdoria', 'calcio', 'ForzaInter', 'StayHome', 'stayathome', 'football', 'soccer', 'greatestcomeback', 'recoba', 'Internazionale', 'nerazurri', 'COVID19', 'coronavirus', 'memories', 'Greatmoments', 'nostalgia', 'italia', 'milano']",779
2020-03-25 23:37:11,"b""#Milan residents disappointed with 'missing' EU aid, thankful to #China and #Russia ,  #coronavirus #Italy #Italia #COVID19au #CoronaVirusitaly https://t.co/1IwT2on6B5""",b'5NewsAustralia',"['Milan', 'China', 'Russia', 'coronavirus', 'Italy', 'Italia', 'COVID19au', 'CoronaVirusitaly']",492
2020-03-25 23:32:34,b'#COVID19 | #Russian experts head to #Bergamo to help #Italy battle coronavirus. #Russia #Italy #Italia #coronavirus #COVID\xe3\x83\xbc19 #CODVID19italia https://t.co/UFYTHijIhd https://t.co/HXKWol5grr',b'PerthWAustralia',"['COVID19', 'Russian', 'Bergamo', 'Italy', 'Russia', 'Italy', 'Italia', 'coronavirus', 'COVIDー19', 'CODVID19italia']",3544
2020-03-25 23:22:42,b'#COVID19 | Russian experts head to Bergamo to help #Italy battle coronavirus. #Russia #Italy #Italia #coronavirus #COVID\xe3\x83\xbc19 #CODVID19italia https://t.co/l7vF9gg1q9',b'5NewsAustralia',"['COVID19', 'Italy', 'Russia', 'Italy', 'Italia', 'coronavirus', 'COVIDー19', 'CODVID19italia']",492
2020-03-25 23:08:25,b'#ItalyCoronavirus #Italy #Italia #CoronaVirusUpdate #coronavirus #Covid19 god bless italy \xf0\x9f\x87\xae\xf0\x9f\x87\xb9  \xe2\x99\xa5\xef\xb8\x8f\xf0\x9f\x87\xae\xf0\x9f\x87\xb9\xe2\x99\xa5\xef\xb8\x8f https://t.co/pFkGvBJhsY',b'ramzirihani',"['ItalyCoronavirus', 'Italy', 'Italia', 'CoronaVirusUpdate', 'coronavirus', 'Covid19']",45238
2020-03-25 23:08:25,b'Thanks @DrTedros for labeling us as \xe2\x80\x9cheroes\xe2\x80\x9d #Italia #coronavirus @WHO @UN https://t.co/6JgPQEHENM',b'kingkong_child',"['Italia', 'coronavirus']",101
2020-03-25 23:06:44,"b'7503 - Italy, our prayers are with you  #COVID2019 #21daylockdown #Covid19Out #coronavirus #StayHomeSaveLives #LetsFightCovid19 #lockdown #ItalyCoronavirus #Italia #italystaystrong #artwork #ArtistOnTwitter #digitalart https://t.co/33Eszg0fKW'",b'MayudiP',"['COVID2019', '21daylockdown', 'Covid19Out', 'coronavirus', 'StayHomeSaveLives', 'LetsFightCovid19', 'lockdown', 'ItalyCoronavirus', 'Italia', 'italystaystrong', 'artwork', 'ArtistOnTwitter', 'digitalart']",58
2020-03-25 22:56:15,"b""God Bless #italy  Dio benedica l'Italia  \xe2\x81\xa6#CoronaVirusUpdates\xe2\x81\xa9 \xe2\x81\xa6#CoronaVirus\xe2\x81\xa9 \xe2\x81\xa6#Jordan\xe2\x81\xa9 \xe2\x81\xa6#COVID\xe3\x83\xbc19\xe2\x81\xa9 \xe2\x81\xa6#Corona\xe2\x81\xa9 #italia #CORONAV\xc3\x8dRUS https://t.co/3RE49TUwsn""",b'ramzirihani',"['italy', 'CoronaVirusUpdates', 'CoronaVirus', 'Jordan', 'COVIDー19', 'Corona', 'italia', 'CORONAVÍRUS']",45238
2020-03-25 22:45:48,b'#Coronavirus #COVID19 Global Cases @JHUSystems 3/25/2020 11:02:58 PM \xc2\xbb https://t.co/Y7QRpPWIXx  Novel Coronavirus COVID-19 @UW HGIS Lab 2020-03-25 13:33:30 PST \xc2\xbb https://t.co/kcWnH4RCGv    COVID-19 #Italia - @DPCgov Ultimo aggiornamento 25/03/2020 17:00 \xc2\xbb https://t.co/EVoHhVtN4u https://t.co/V30IDkHvuW',b'MedicalScitech',"['Coronavirus', 'COVID19', 'Italia']",132
2020-03-25 22:43:35,b'Italy Lockdown  #coronavirus #CoronavirusLockdown #coronavirusindia #COVID2019 #Covid19SA #COVID\xe3\x83\xbc19 #COVID19outbreak #Covid_19india #COVID2019 #COVID19 #californialockdown #Italia #Italy #Germany #Iran #lockdown #China #WuhanVirus #CoronaVirusChallenge #COVIDIOTS https://t.co/NiL3F4MW1o',b'Gatsby78089407',"['coronavirus', 'CoronavirusLockdown', 'coronavirusindia', 'COVID2019', 'Covid19SA', 'COVIDー19', 'COVID19outbreak', 'Covid_19india', 'COVID2019', 'COVID19', 'californialockdown', 'Italia', 'Italy', 'Germany', 'Iran', 'lockdown', 'China', 'WuhanVirus', 'CoronaVirusChallenge', 'COVIDIOTS']",0
2020-03-25 22:25:54,"b'We hear the news, it\'s on our minds. To bring some brightness in people\'s lives &amp; for the Victims of #COVID2019, I\'ve started with doing ""Moments"" as my bid to put focus on this disaster, but in a worthiness way. #Italy\'s \xf0\x9f\x87\xae\xf0\x9f\x87\xb9 first out! #Italia #coronavirus https://t.co/TNv754Qfag https://t.co/LlcMd92N01'",b'Salckin',"['COVID2019', 'Italy', 'Italia', 'coronavirus']",86
2020-03-25 22:18:44,"b'#USA  #Italia  #ChinaLiedPeopleDied  #ChinaAssumaTeuVirus  #ChineseVirus  #coronavirus  #IndiaFightsCorona   \xe2\x99\xa6\xef\xb8\x8f158 Million Americans Told to Stay Home,\xe2\x99\xa6\xef\xb8\x8f'",b'sk_columbus',"['USA', 'Italia', 'ChinaLiedPeopleDied', 'ChinaAssumaTeuVirus', 'ChineseVirus', 'coronavirus', 'IndiaFightsCorona']",817
2020-03-25 21:55:43,"b'""28 in England"" and we have already surpassed #Italia, only we are not well informed \xf0\x9f\x98\x92#COVID2019 #CoronavirusLockdown #coronavirus #CuarentenaPorLaVida #QuedateEnCasa https://t.co/1aWZ2ucivV'",b'MariaLuisa1968_',"['Italia', 'COVID2019', 'CoronavirusLockdown', 'coronavirus', 'CuarentenaPorLaVida', 'QuedateEnCasa']",75073
2020-03-25 21:48:56,"b'Meanwhile in #Italy: IKEA, Zara, Coin and OVS are asking the government to intervene and provide financial support. #coronavirus is turning capitalists into socialists while strangling working people. #Italia #CuraItalia #Confindustria #risorseINPS https://t.co/eKG1xJVJ4b'",b'iArmiiin',"['Italy', 'coronavirus', 'Italia', 'CuraItalia', 'Confindustria', 'risorseINPS']",31
2020-03-25 21:35:51,b'Follow me on TikTok: teodoraxoxo Follow me on Instagram: theodoraxoxo   #fashion #TikTok #Instagram #StayHome #iorestoacasa #COVID19 #coronavirus #gainSZN #followtrick #italia #italy #outfit #WednesdayThoughts #WednesdayMotivation #lockdown #QuarantineLife #Quarantine https://t.co/qCbA2Z8ZAP',b'teodora_xoxo',"['fashion', 'TikTok', 'Instagram', 'StayHome', 'iorestoacasa', 'COVID19', 'coronavirus', 'gainSZN', 'followtrick', 'italia', 'italy', 'outfit', 'WednesdayThoughts', 'WednesdayMotivation', 'lockdown', 'QuarantineLife', 'Quarantine']",1258
2020-03-25 21:27:55,b'Former @prorecco and @PosillipoCn member olympic waterpolo champion Tam\xc3\xa1s K\xc3\xa1s\xc3\xa1s offers FULL capacity of his #pizzeria @tommydinapoli_ to health care workers fighting #coronavirus delivering 260+ free pizzas daily #Budapest #Italia  https://t.co/nckgL4cltu',b'kuthiaron',"['pizzeria', 'coronavirus', 'Budapest', 'Italia']",278
2020-03-25 21:24:39,b'Happy #bday #venice             #venezia #Italia #italy #italylockdown #COVID2019 #coronavirus https://t.co/hS380NpT9e',b'jegtosetto',"['bday', 'venice', 'venezia', 'Italia', 'italy', 'italylockdown', 'COVID2019', 'coronavirus']",84
2020-03-25 21:12:15,b'Follow me on TikTok: teodoraxoxo Follow me on Instagram: theodoraxoxo   #food #TikTok #Instagram #StayHome #iorestoacasa #COVID19 #coronavirus #gainSZN #followtrick #italia #italy #aperitif #WednesdayThoughts #WednesdayMotivation #lockdown #QuarantineLife #Quarantine https://t.co/8Ks0bBOI1f',b'teodora_xoxo',"['food', 'TikTok', 'Instagram', 'StayHome', 'iorestoacasa', 'COVID19', 'coronavirus', 'gainSZN', 'followtrick', 'italia', 'italy', 'aperitif', 'WednesdayThoughts', 'WednesdayMotivation', 'lockdown', 'QuarantineLife', 'Quarantine']",1258
2020-03-25 21:06:27,"b'Italy \xf0\x9f\x87\xae\xf0\x9f\x87\xb9  Total Confirmed Cases: 74,386 (+5,210 today) Total Deaths: 7,503 (+683 today) Total Recovereds: 9,362 Total Active Cases: 57,521 #covid19 #covid2019 #corona #coronavirus #Tsunami #coronaitaly #italy #italia #korona #Covid19Out #CoronaVirusInNigeria #CoronavirusLockdown https://t.co/K45x460ZjZ'",b'epidemics_live',"['covid19', 'covid2019', 'corona', 'coronavirus', 'Tsunami', 'coronaitaly', 'italy', 'italia', 'korona', 'Covid19Out', 'CoronaVirusInNigeria', 'CoronavirusLockdown']",15
2020-03-25 20:40:18,b'What are they transporting!? If you tell me these trucks have bodies in them... \xf0\x9f\x98\xb1\xf0\x9f\x98\x94\xf0\x9f\x98\xad#Italy #italia #COVID19 #coronavirus https://t.co/uhIu4ElY9A',b'gwayathat',"['Italy', 'italia', 'COVID19', 'coronavirus']",1184
2020-03-25 20:13:23,b'Idiot films himself licking products   #coronavirus #CoronavirusLockdown #coronavirusindia #COVID2019 #Covid19SA #COVID\xe3\x83\xbc19 #COVID19outbreak #Covid_19india #COVID2019 #COVID19 #californialockdown #Italia #Spain #Germany #Iran #Lockdown21 #lockdown #Paris #China #WuhanCoronavius https://t.co/0h0pBlaDIf',b'gautam_gada',"['coronavirus', 'CoronavirusLockdown', 'coronavirusindia', 'COVID2019', 'Covid19SA', 'COVIDー19', 'COVID19outbreak', 'Covid_19india', 'COVID2019', 'COVID19', 'californialockdown', 'Italia', 'Spain', 'Germany', 'Iran', 'Lockdown21', 'lockdown', 'Paris', 'China', 'WuhanCoronavius']",50
2020-03-25 20:08:11,"b'STOP GERMANIFICATION OF EURO:Lower government spending as a % of GDP does not result in higher growth rates,as Rahn curve shows #ITALEXIT #ItaliaViva #Italia #italylockdown #Italy #Eurozone #Conte #Salvini #StayHome #lockdown  #Economia  #economy #coviditaly #Corona #coronavirus https://t.co/fGDaDjYRfE'",b'konsvoudouris',"['ITALEXIT', 'ItaliaViva', 'Italia', 'italylockdown', 'Italy', 'Eurozone', 'Conte', 'Salvini', 'StayHome', 'lockdown', 'Economia', 'economy', 'coviditaly', 'Corona', 'coronavirus']",1223
2020-03-25 20:02:16,"b'Italy will not fall Everyone fails you, but God will not let you down Ring church bells at the Vatican, all over Italy Put the "" \xd8\xa2\xd8\xb0\xd8\xa7\xd9\x86"" - Unite  Stay tuned in your homes Do not give up!  We learned passion and grinta from you \xf0\x9f\x87\xae\xf0\x9f\x87\xb9\xf0\x9f\x87\xb1\xf0\x9f\x87\xa7 #italy #italia #coronavirus #lebanon #Covid19Out https://t.co/xmXMl0ak6d'",b'AliM8999',"['italy', 'italia', 'coronavirus', 'lebanon', 'Covid19Out']",0
2020-03-25 19:59:15,"b'#Coronavirus: More than 7,500 deaths in #Italy #Coronavirus https://t.co/9W6jXkGDAt - My prayers are with you #Italia'",b'sev_kudu',"['Coronavirus', 'Italy', 'Coronavirus', 'Italia']",785
2020-03-25 19:58:25,"b'#sergiomattarella #donaldtrump @biancoshock &amp; @johnfekner ""Left Out To Dry. Left Out To Die."" updated 2020 #COVID19 #coronavirus #Italia #Italy #US #Espana #worldwide \xe2\x80\x98FAMILY PORTRAIT\xe2\x80\x99  (Displaced And On The Run\xe2\x80\xa6) 2015 https://t.co/cGJRx8wRNt'",b'johnfekner',"['sergiomattarella', 'donaldtrump', 'COVID19', 'coronavirus', 'Italia', 'Italy', 'US', 'Espana', 'worldwide']",3789
2020-03-25 19:07:36,b'COVID-19: Here are your top online resources while working or studying at home https://t.co/jpBZYxiG57 via @World24 #covid #coronavirus #corona #virus #wuhan #china #rus #coronav #coronavirusoutbreak #s #viruscorona #italia #pandemic #coronavir #like #mask #epidemic #health',b'worlds24com',"['covid', 'coronavirus', 'corona', 'virus', 'wuhan', 'china', 'rus', 'coronav', 'coronavirusoutbreak', 's', 'viruscorona', 'italia', 'pandemic', 'coronavir', 'like', 'mask', 'epidemic', 'health']",3471
2020-03-25 18:32:09,"b""11/           \xe2\x80\xa2 #CoronaVirusItaly \xe2\x80\xa2   [#COVID19italia #covid19italy]  Time Zone #EU +#Schweiz : (25.03.2020' / 19:30 Uhr #Update)  [#COVID19 #CoronaVirus]  #USA #UK #China #\xd0\xa0\xd0\xbe\xd1\x81\xd1\x81\xd0\xb8\xd1\x8f #Iran #SouthKorea #Iraq #Africa #Italy \xf0\x9f\x8c\x8f\xf0\x9f\x8c\x8e\xf0\x9f\x8c\x8d  \xe2\xac\x87\xef\xb8\x8f https://t.co/QHhq2EFCtN  \xe2\x9e\xa1\xef\xb8\x8f via: @DPCgov #Italia https://t.co/ziOon19tg9""",b'pizzaital',"['CoronaVirusItaly', 'COVID19italia', 'covid19italy', 'EU', 'Schweiz', 'Update', 'COVID19', 'CoronaVirus', 'USA', 'UK', 'China', 'Россия', 'Iran', 'SouthKorea', 'Iraq', 'Africa', 'Italy', 'Italia']",3762
2020-03-25 18:22:51,b'I stay at Home \xe2\x9d\xa4\xef\xb8\x8f #iorestoacasa #carantine #cobid19 #coronavirus #Italy #Italia #istayhome https://t.co/d7dYyLNDz5',b'veronikahavlik',"['iorestoacasa', 'carantine', 'cobid19', 'coronavirus', 'Italy', 'Italia', 'istayhome']",226
2020-03-25 18:22:41,"b'\xf0\x9f\x98\xa2 Caskets are piling up in #Italy amid the #coronavirus crisis, with cemeteries and crematoriums in the country unable to keep up #CoronavirusLockdown #Italy #italylockdown #Italia #StayHome #StayAtHome #staysafe https://t.co/uR6KSjn0pP'",b'evankirstel',"['Italy', 'coronavirus', 'CoronavirusLockdown', 'Italy', 'italylockdown', 'Italia', 'StayHome', 'StayAtHome', 'staysafe']",283243
2020-03-25 18:15:47,b'Girl licking Toilet Seat  #coronavirus #CoronavirusLockdown #coronavirusindia #COVID2019 #Covid19SA #COVID\xe3\x83\xbc19 #COVID19outbreak #Covid_19india #COVID2019 #COVID19 #californialockdown #Italia #Italy #Spain #Germany #Iran #lockdown #China #WuhanVirus #CoronaChallenge #COVIDIOTS https://t.co/Q4aSTMXnrA',b'sabudead',"['coronavirus', 'CoronavirusLockdown', 'coronavirusindia', 'COVID2019', 'Covid19SA', 'COVIDー19', 'COVID19outbreak', 'Covid_19india', 'COVID2019', 'COVID19', 'californialockdown', 'Italia', 'Italy', 'Spain', 'Germany', 'Iran', 'lockdown', 'China', 'WuhanVirus', 'CoronaChallenge', 'COVIDIOTS']",10
2020-03-25 18:15:42,b'\xf0\x9f\x8e\xaf\xf0\x9f\x91\x8f\xf0\x9f\x91\x8f\xf0\x9f\x91\x8f\xf0\x9f\x87\xb7\xf0\x9f\x87\xba\xf0\x9f\x87\xae\xf0\x9f\x87\xb9#covid19 #coronavirus #italia #Russian help despite #EU sanctions !!! https://t.co/UDHt0bFzfj',b'Cicke69',"['covid19', 'coronavirus', 'italia', 'Russian', 'EU']",288
2020-03-25 18:10:05,b'Guy spreading saliva on subway in Hong Kong!  #coronavirus #CoronavirusLockdown #coronavirusindia #COVID2019 #Covid19SA #COVID\xe3\x83\xbc19 #COVID19outbreak #Covid_19india #COVID2019 #COVID19 #californialockdown #Italia #Italy #Spain #Germany #Iran #lockdown #Paris #China #WuhanVirus https://t.co/9HaCKKaF9j',b'sabudead',"['coronavirus', 'CoronavirusLockdown', 'coronavirusindia', 'COVID2019', 'Covid19SA', 'COVIDー19', 'COVID19outbreak', 'Covid_19india', 'COVID2019', 'COVID19', 'californialockdown', 'Italia', 'Italy', 'Spain', 'Germany', 'Iran', 'lockdown', 'Paris', 'China', 'WuhanVirus']",10
2020-03-25 18:08:09,b'Guy is licking or spreading Covid-19  #coronavirus #CoronavirusLockdown #coronavirusindia #COVID2019 #Covid19SA #COVID\xe3\x83\xbc19 #COVID19outbreak #Covid_19india #COVID2019 #COVID19 #californialockdown #Italia #Italy #Spain #Germany #Iran #Lockdown21 #lockdown #Paris #China #WuhanVirus https://t.co/wTJ8XJ3bGl',b'GautamGada1',"['coronavirus', 'CoronavirusLockdown', 'coronavirusindia', 'COVID2019', 'Covid19SA', 'COVIDー19', 'COVID19outbreak', 'Covid_19india', 'COVID2019', 'COVID19', 'californialockdown', 'Italia', 'Italy', 'Spain', 'Germany', 'Iran', 'Lockdown21', 'lockdown', 'Paris', 'China', 'WuhanVirus']",16
2020-03-25 18:05:58,b'From #Russia with #love  #Italia #CoronaPandemie #COVID2019 #coronavirus https://t.co/ErhgL91qqP',b'jrbonte',"['Russia', 'love', 'Italia', 'CoronaPandemie', 'COVID2019', 'coronavirus']",486
2020-03-25 18:05:52,b'Guy is licking or spreading Covid-19  #coronavirus #CoronavirusLockdown #coronavirusindia #COVID2019 #Covid19SA #COVID\xe3\x83\xbc19 #COVID19outbreak #Covid_19india #COVID2019 #COVID19 #californialockdown #Italia #Italy #Spain #Germany #Iran #Lockdown21 #lockdown #Paris #China #WuhanVirus https://t.co/m7N615VbPt',b'gautam_gada',"['coronavirus', 'CoronavirusLockdown', 'coronavirusindia', 'COVID2019', 'Covid19SA', 'COVIDー19', 'COVID19outbreak', 'Covid_19india', 'COVID2019', 'COVID19', 'californialockdown', 'Italia', 'Italy', 'Spain', 'Germany', 'Iran', 'Lockdown21', 'lockdown', 'Paris', 'China', 'WuhanVirus']",50
2020-03-25 17:55:39,b'I nostri #Eroi \xe2\x9d\xa4\xef\xb8\x8f\xf0\x9f\x87\xae\xf0\x9f\x87\xb9\xf0\x9f\x87\xae\xf0\x9f\x87\xb9\xf0\x9f\x87\xae\xf0\x9f\x87\xb9 #Heros #coronavirus #COVID2019 #coronavirusItalia #Italia #Covid_19 https://t.co/sg76lHn5mp',b'NormaGi2',"['Eroi', 'Heros', 'coronavirus', 'COVID2019', 'coronavirusItalia', 'Italia', 'Covid_19']",97
2020-03-25 17:46:02,b'what is wrong with humans.......  retweet  #coronavirus #CoronavirusLockdown #coronavirusindia #COVID2019 #Covid19SA #COVID\xe3\x83\xbc19 #COVID19outbreak #Covid_19india #COVID2019 #COVID19 #californialockdown #Italia #Italy #Spain #Germany #Iran #Lockdown21 #lockdown #Paris #China #Wuhan https://t.co/vuzAPRqikO',b'GautamGada1',"['coronavirus', 'CoronavirusLockdown', 'coronavirusindia', 'COVID2019', 'Covid19SA', 'COVIDー19', 'COVID19outbreak', 'Covid_19india', 'COVID2019', 'COVID19', 'californialockdown', 'Italia', 'Italy', 'Spain', 'Germany', 'Iran', 'Lockdown21', 'lockdown', 'Paris', 'China', 'Wuhan']",16
2020-03-25 17:35:03,"b""Here's some info for #COVID\xe3\x83\xbc19  demographics in Italy  Check it out @ https://t.co/fqMHoIkSj0  #CoronavirusPandemic #coronavirus #CoronavirusOutbreak #CoronaVirusUpdate #ItalyCoronavirus #Italia https://t.co/Ha9lEGS5J0""",b'coronawatch_eu',"['COVIDー19', 'CoronavirusPandemic', 'coronavirus', 'CoronavirusOutbreak', 'CoronaVirusUpdate', 'ItalyCoronavirus', 'Italia']",537
2020-03-25 17:34:59,b'Indonesia fight for covid-19   #dirumahaja #socialdistance #gerakansocialdistancing #coronavirus #covid19 #ncov2019 #ncov2020 #viruscorona #covid19outbreak #infosehat #kamuharustahu #infocorona #italia #manula\xe2\x80\xa6 https://t.co/swIRxLRsNU',b'musa_riadi',"['dirumahaja', 'socialdistance', 'gerakansocialdistancing', 'coronavirus', 'covid19', 'ncov2019', 'ncov2020', 'viruscorona', 'covid19outbreak', 'infosehat', 'kamuharustahu', 'infocorona', 'italia', 'manula']",3677
2020-03-25 17:34:23,b'France \xf0\x9f\x87\xab\xf0\x9f\x87\xb7 updates \xe2\x9d\x97\xef\xb8\x8f \xf0\x9f\x91\x87\xf0\x9f\x8f\xbb https://t.co/HJFYUHqyVt \xe2\x80\x94  #France #paris #Louvre #lockdown #EuropeanUnion #Europe #European #Corona #Covid19Out #COVID2019 #COVID19 #coronavirus #covid19australia #Italy #Italia #germanycoronavirus #germany #uk #Australia #californialockdown #NewYorkCity',b'CarbonCraftLtd',"['France', 'paris', 'Louvre', 'lockdown', 'EuropeanUnion', 'Europe', 'European', 'Corona', 'Covid19Out', 'COVID2019', 'COVID19', 'coronavirus', 'covid19australia', 'Italy', 'Italia', 'germanycoronavirus', 'germany', 'uk', 'Australia', 'californialockdown', 'NewYorkCity']",2039
2020-03-25 17:28:01,"b""#Italia #Italy #coronavirus #COVID19   +683\xe2\x9c\x9d  Less than yesterday deaths in Lombardy, but more in some other regions...  https://t.co/BhKlK1NyV9 (today's data /the image attached/ will be online a bit later) https://t.co/2XVZQAp5gL""",b'avatorl',"['Italia', 'Italy', 'coronavirus', 'COVID19']",4340
2020-03-25 17:19:48,b'#coronavirus Italy \xf0\x9f\x87\xae\xf0\x9f\x87\xb9 (negative slopes)   3491 new cases (yesterday 3612) 683 new deaths (yesterday 743) TOO HIGH!!!??!  Total cases 74386  Total deaths 7503 \xe2\x9a\xb0\xef\xb8\x8f \xf0\x9f\x92\x90 \xe2\x9a\xb0\xef\xb8\x8f\xf0\x9f\x8c\xb7\xe2\x9a\xb0\xef\xb8\x8f\xf0\x9f\x92\x90\xe2\x9a\xb0\xef\xb8\x8f\xf0\x9f\x8c\xb7\xe2\x9a\xb0\xef\xb8\x8f\xf0\x9f\x92\x90\xe2\x9a\xb0\xef\xb8\x8f\xf0\x9f\x8c\xb7\xe2\x9a\xb0\xef\xb8\x8f\xf0\x9f\x92\x90\xe2\x9a\xb0\xef\xb8\x8f\xf0\x9f\x8c\xb7\xe2\x9a\xb0\xef\xb8\x8f\xf0\x9f\x92\x90\xe2\x9a\xb0\xef\xb8\x8f\xf0\x9f\x8c\xb7\xe2\x9a\xb0\xef\xb8\x8f\xf0\x9f\x92\x90\xe2\x9a\xb0\xef\xb8\x8f\xf0\x9f\x8c\xb7\xe2\x9a\xb0\xef\xb8\x8f\xf0\x9f\x92\x90\xe2\x9a\xb0\xef\xb8\x8f\xf0\x9f\x8c\xb7\xe2\x9a\xb0\xef\xb8\x8f\xf0\x9f\x92\x90  #COVID2019 #COVID19 #COVID\xe3\x83\xbc19 #Italia #Italiacoronavirus https://t.co/WcTLCTZ6xl',b'MosconeF',"['coronavirus', 'COVID2019', 'COVID19', 'COVIDー19', 'Italia', 'Italiacoronavirus']",1569
2020-03-25 17:03:33,b'China stop eating everything moves we are fed up \xf0\x9f\x99\x8f\xf0\x9f\x99\x84 #Hantavirus #coronavirus #COVID19 #confinementjour9 #Italia #algerie #Palestine',b'mimina20nina',"['Hantavirus', 'coronavirus', 'COVID19', 'confinementjour9', 'Italia', 'algerie', 'Palestine']",212
2020-03-25 16:32:16,b'A lady from Pavia decided it was ok to catch 2 flights to go back to Sicily. She already had symptoms. She is positive to Corona Virus. How did she even get on 2 different  flights?   #coronavirus #Italia',b'Dom_Waleed',"['coronavirus', 'Italia']",1052
2020-03-25 16:30:12,b'GOAT on &amp; off the pitch \xf0\x9f\x91\x8f\xf0\x9f\x8f\xbc\xf0\x9f\x94\x9d\xf0\x9f\x90\x90\xf0\x9f\x87\xb5\xf0\x9f\x87\xb9\xe2\x9d\xa4\xef\xb8\x8f  #Juventus #Juve #Bianconeri #FinoAllaFine #ForzaJuve #CristianoRonaldo #Ronaldo #CR7 #Goat #Mendes #Donation #ForzaRonaldo #ForzaMendes #Coronavirus #COVID19 #Andr\xc3\xa0TuttoBene #Portugal #Italia #Football #Soccer #SerieA #Calcio https://t.co/uMz0XHQp3U',b'TheCalcioGuys',"['Juventus', 'Juve', 'Bianconeri', 'FinoAllaFine', 'ForzaJuve', 'CristianoRonaldo', 'Ronaldo', 'CR7', 'Goat', 'Mendes', 'Donation', 'ForzaRonaldo', 'ForzaMendes', 'Coronavirus', 'COVID19', 'AndràTuttoBene', 'Portugal', 'Italia', 'Football', 'Soccer', 'SerieA', 'Calcio']",728
2020-03-25 16:27:58,b'Spain Buys $467 Million in Medical Equipment From China to Fight COVID-19 Epidemic https://t.co/UVz2eA098l #coronavirus #coronavirusitalla #Italy #spain #Italia  #Itallian #coronVirusUpdate #COVID19 #Pandemic #Coronalert #Corona #CoronavirusOutbreak #wuhanvirus',b'SchneiderDallas',"['coronavirus', 'coronavirusitalla', 'Italy', 'spain', 'Italia', 'Itallian', 'coronVirusUpdate', 'COVID19', 'Pandemic', 'Coronalert', 'Corona', 'CoronavirusOutbreak', 'wuhanvirus']",1507
2020-03-25 16:06:16,"b'Hi, here is the 15th video broadcast from Italy on lockdown.  Please help Italy, donate here https://t.co/m1PCzvXdVv  https://t.co/jKGRLFIOF1  #coronavirus #Italia #Italy #lockdown #WetheItaliaNews #WetheItalians #Spallanzani'",b'wetheitalians',"['coronavirus', 'Italia', 'Italy', 'lockdown', 'WetheItaliaNews', 'WetheItalians', 'Spallanzani']",993
2020-03-25 15:58:33,"b""#Europe abandoned Italy in the midst of its severe #Coronavirus Pandemic that caught the country and its leadership by surprise. Only #China and #Russia responded to the call of the Italian people. #EU should be ashamed.  L'Unione Europea ha abbandonnato l'Italia. #Italia #Italy""",b'ejmalrai',"['Europe', 'Coronavirus', 'China', 'Russia', 'EU', 'Italia', 'Italy']",57017
2020-03-25 15:49:07,b'#WhiteHouse: Everyone Who\xe2\x80\x99s Visited #NewYorkCity Should Self-Quarantine https://t.co/mpEsaeBsz4 @YahooNews #CoronavirusLockdown #Covid19Out #COVID2019 #coronavirus #coronavirusindia #confinementjour9 #Italy #italia #WuhanVirus #newyorklockdown #NewYork #LosAngeles #Lockdown21 https://t.co/Xavu4OCING',b'anyidea',"['WhiteHouse', 'NewYorkCity', 'CoronavirusLockdown', 'Covid19Out', 'COVID2019', 'coronavirus', 'coronavirusindia', 'confinementjour9', 'Italy', 'italia', 'WuhanVirus', 'newyorklockdown', 'NewYork', 'LosAngeles', 'Lockdown21']",10439
2020-03-25 15:30:40,b'#GretaThunberg: My #coronavirus information is all over the internet ...........................................                                                              #2wish\xe0\xb8\x84\xe0\xb8\xb4\xe0\xb8\x94\xe0\xb8\x96\xe0\xb8\xb6\xe0\xb8\x87\xe0\xb8\x88\xe0\xb8\xb1\xe0\xb8\x87 #Covid19Out #CoronavirusLockdown #Sweden #coronavirusindia #COVID2019 #UK #Italy #Italia https://t.co/XXNCVIqERM https://t.co/g2f6npafmB',b'anyidea',"['GretaThunberg', 'coronavirus', '2wishคิดถึงจัง', 'Covid19Out', 'CoronavirusLockdown', 'Sweden', 'coronavirusindia', 'COVID2019', 'UK', 'Italy', 'Italia']",10439
2020-03-25 15:20:27,"b'In Fermo, professor dies during the online lesson- He was teaching his students by videoconference.Suddenly, a few coughs and then silence. It was the students who raised the alarm #Italy #Italia #coronavirus #CoronaVirusItaly #COVID19 #COVID\xe3\x83\xbc19 #Covid_19 https://t.co/cL0VfC78wq'",b'Geo_AfterWorld',"['Italy', 'Italia', 'coronavirus', 'CoronaVirusItaly', 'COVID19', 'COVIDー19', 'Covid_19']",202
2020-03-25 15:16:30,"b""#BillCosby's lawyers want him released from jail amid #coronavirus #pandemic saying Cosby with his expertise can help sedate the panicking public https://t.co/d9hncgvhf2 via @pagesix #music\xf0\x9f\x8e\xb5 #Covid19Out #COVIDSanctionsLie #COVIDIOT #StaySafeWithGoldenChild #Italia #UK #Nigeria https://t.co/xhXmP04CVz""",b'anyidea',"['BillCosby', 'coronavirus', 'pandemic', 'music', 'Covid19Out', 'COVIDSanctionsLie', 'COVIDIOT', 'StaySafeWithGoldenChild', 'Italia', 'UK', 'Nigeria']",10439
2020-03-25 15:13:33,"b'#RoyalFamily UPDATE:  #PrinceCharles is isolating at Balmoral with #Covid19.  #PrinceAndrew is isolating at Windsor with Jennifer, 14.  #Brazil #Coronavirus #MAGA #Trump #COVID\xe3\x83\xbc19 #Trump2020 #QueenElizabeth #MeToo #China #Italia #Italy #Russia #France #NYC #travel #news #Spain https://t.co/n8duV8MUh9'",b'TruthAndJust1',"['RoyalFamily', 'PrinceCharles', 'Covid19', 'PrinceAndrew', 'Brazil', 'Coronavirus', 'MAGA', 'Trump', 'COVIDー19', 'Trump2020', 'QueenElizabeth', 'MeToo', 'China', 'Italia', 'Italy', 'Russia', 'France', 'NYC', 'travel', 'news', 'Spain']",1162
2020-03-25 15:00:49,"b""#SanFrancisco sees crime fall after #coronavirus 'shelter-in-place' order and most criminals saying FxxK this sh*t has they come out of the closet with bags pack headed to Greyhound bus terminals. https://t.co/NY9lQILAh0  #Lockdown21 #Covid19Out #COVID #Corona #WuhanVirus #Italia https://t.co/bFxl0ulbQb""",b'anyidea',"['SanFrancisco', 'coronavirus', 'Lockdown21', 'Covid19Out', 'COVID', 'Corona', 'WuhanVirus', 'Italia']",10439
2020-03-25 14:59:03,b'A very strong thought to the Italian \xf0\x9f\x87\xae\xf0\x9f\x87\xb9 people and the Spanish \xf0\x9f\x87\xaa\xf0\x9f\x87\xb8 people \xf0\x9f\x98\x9e  #covid19 #Coronavirus #Italy #Italia #Spain #Espa\xc3\xb1a #Europe',b'VingTroiSeize',"['covid19', 'Coronavirus', 'Italy', 'Italia', 'Spain', 'España', 'Europe']",730
2020-03-25 14:42:58,"b""#ItaliaZonaRossa #italylockdown #Italia #italylockdown #coronavirus #COVID2019 please think about other's,please kind to each othe. Think about who needs help https://t.co/RfBRLbzk0J""",b'Jinurajan3',"['ItaliaZonaRossa', 'italylockdown', 'Italia', 'italylockdown', 'coronavirus', 'COVID2019']",49
2020-03-25 14:39:07,"b""@IlJoker007 @AmbCina Considering #China silenced the doctors sounding the alarm on #COVID2019 / #coronavirus so #Italia suffers so terribly, it's the least they can do. It's nice you're being polite and saying thank you but really, I wonder why Italians don't demand reparations.""",b'RedQRedT',"['China', 'COVID2019', 'coronavirus', 'Italia']",1802
2020-03-25 14:36:44,"b'The usual press conference scheduled for 6 pm has been canceled. #Italia The head of Civil Protection\xc2\xa0Angelo Borrelli,suffered from a fever.\xc2\xa0A new swab for #coronavirus was made in Borrelli and now the result of the examination is awaited. #COVID2019 #CoronaVirusitaly'",b'BechirSaied',"['Italia', 'coronavirus', 'COVID2019', 'CoronaVirusitaly']",243
2020-03-25 14:32:20,"b'Italy, you are showing us how to keep your humour and courage! An #illustration by Martina Heiduczek #italy #italia #andr\xc3\xa0tuttobene #celafaremo #vinceremo #forzaitalia #italiaunita #unit\xc3\xa0ditalia #iostoacasa #iorestoacasa #coronavirus #stopcovid19 https://t.co/cA61X01SBI'",b'SriLankaItaly',"['illustration', 'italy', 'italia', 'andràtuttobene', 'celafaremo', 'vinceremo', 'forzaitalia', 'italiaunita', 'unitàditalia', 'iostoacasa', 'iorestoacasa', 'coronavirus', 'stopcovid19']",12
2020-03-25 14:32:04,b'tokyo2020 \xe2\x9d\x8c  Better in 2021 ! \xf0\x9f\x99\x8f\xf0\x9f\x8f\xbd @olympics \xe2\x9d\xa4\xef\xb8\x8f  _____________________________________________    #tokyo #tokyo2020 #olympics #olimpiadas #japan #coronavirus #coronav\xc3\xadrus #usa #coi #cob #italia #brasil #paralympics\xe2\x80\xa6 https://t.co/1zxoDiVR6u',b'fraja8',"['tokyo', 'tokyo2020', 'olympics', 'olimpiadas', 'japan', 'coronavirus', 'coronavírus', 'usa', 'coi', 'cob', 'italia', 'brasil', 'paralympics']",836
2020-03-25 14:10:58,b'It\xe2\x80\x99s four twenty\xf0\x9f\xaa\x90\xf0\x9f\xaa\x90 #GFvip #URGENTE #FelizMiercoles #DanteAlighieri #QuedateEnTuCasa #Covid19Out #Hantavirus #ChinaCoronaVirus #italia #USA #uk #India #arteinquarantena #art #skretch #MartialLaw #coronavirusitalIa #coronavirus #COVID2019 #ioleggoDante #iostoacasa https://t.co/JrWS4h7EXl',b'Alessandroreg12',"['GFvip', 'URGENTE', 'FelizMiercoles', 'DanteAlighieri', 'QuedateEnTuCasa', 'Covid19Out', 'Hantavirus', 'ChinaCoronaVirus', 'italia', 'USA', 'uk', 'India', 'arteinquarantena', 'art', 'skretch', 'MartialLaw', 'coronavirusitalIa', 'coronavirus', 'COVID2019', 'ioleggoDante', 'iostoacasa']",0
2020-03-25 13:51:04,b'We must know this... #CoronaPandemie #CoronavirusLockdown #Covid19Out #COVID2019 #coronavirus #Qanon #quotes #WednesdayWisdom #coronavirusindia #QuarantineAndChill #italystaystrong #Italy #Italia #StopTheSpreadOfCorona  #StayHome #FatihTerim   https://t.co/bjl3xBAd0W',b'BiratBabuDhakal',"['CoronaPandemie', 'CoronavirusLockdown', 'Covid19Out', 'COVID2019', 'coronavirus', 'Qanon', 'quotes', 'WednesdayWisdom', 'coronavirusindia', 'QuarantineAndChill', 'italystaystrong', 'Italy', 'Italia', 'StopTheSpreadOfCorona', 'StayHome', 'FatihTerim']",32
2020-03-25 13:22:45,b'#FRANCIA \xf0\x9f\x87\xab\xf0\x9f\x87\xb7 #AIUTI alle #imprese #partiteIva #aziende #ABBANDONATI #ITALIA #coronavirus #help! https://t.co/ItbiH5KFCi',b'SolariPaolo',"['FRANCIA', 'AIUTI', 'imprese', 'partiteIva', 'aziende', 'ABBANDONATI', 'ITALIA', 'coronavirus', 'help']",529
2020-03-25 13:20:25,b'#spain overtakes #China in #coronavirus #death s  #CoronaOutbreak #Hantavirus #COVID19 #BreakingNews #COVID2019uk #BREAKING #Europe #21daylockdown #CoronaOutbreak #italya10 #iHeartAward #BBB2O2O #BBB20 #21daylockdown #kokopimentel  # #Eurovision #Italia #Spanish #AmericaFirst #US https://t.co/OmKpX3pUFP',b'josephthavaraja',"['spain', 'China', 'coronavirus', 'death', 'CoronaOutbreak', 'Hantavirus', 'COVID19', 'BreakingNews', 'COVID2019uk', 'BREAKING', 'Europe', '21daylockdown', 'CoronaOutbreak', 'italya10', 'iHeartAward', 'BBB2O2O', 'BBB20', '21daylockdown', 'kokopimentel', 'Eurovision', 'Italia', 'Spanish', 'AmericaFirst', 'US']",113
2020-03-25 13:00:47,"b'#BREAKINGNews #Covid19\xc2\xa0#Status\xc2\xa0#Italia updated 14:00CET\xc2\xa0#March25  WHO forecast #Italia peak of the new #Coronavirus to happen this week  +6,800 dead/ +8,300 recovered/ +54,000 active infections   #KeepStrong\xc2\xa0#StayHome\xc2\xa0#BeHealthy\xc2\xa0#HelpEconomy  https://t.co/l6TUPMgzFz'",b'FrMarques4655',"['BREAKINGNews', 'Covid19', 'Status', 'Italia', 'March25', 'Italia', 'Coronavirus', 'KeepStrong', 'StayHome', 'BeHealthy', 'HelpEconomy']",601
2020-03-25 12:59:55,"b""Oremos por #Italia \xf0\x9f\x87\xae\xf0\x9f\x87\xb9 Pray for Italy \xf0\x9f\x99\x8f Prega per I'Italia \xf0\x9f\x99\x8c  #Coronaitaly #cuarentena #Italy #cuarentena #coronavirus #pandemia #PandemiaMundial #CoronaCrisis #Covid19Out #cuarentena #Italian #PrayForTheWorld #prayforitalia #QuedateEnTuCasa #SeamosResponsables https://t.co/iTxtQzP9db""",b'ChrisKudelka',"['Italia', 'Coronaitaly', 'cuarentena', 'Italy', 'cuarentena', 'coronavirus', 'pandemia', 'PandemiaMundial', 'CoronaCrisis', 'Covid19Out', 'cuarentena', 'Italian', 'PrayForTheWorld', 'prayforitalia', 'QuedateEnTuCasa', 'SeamosResponsables']",87
2020-03-25 12:50:14,"b'""This is a new, different patient. Doctors and nurses are outperforming themselves. It is extremely emotional to witness,"" said Baldi, a nurse. #coronavirus #Italy #COVID19 #Italia #CoronavirusPandemic https://t.co/KHGhpv6zuf'",b'OddoneElisa',"['coronavirus', 'Italy', 'COVID19', 'Italia', 'CoronavirusPandemic']",469
2020-03-25 12:31:51,b'Someone sent this   Is this really how Italians are getting their intensive care treatment from COVID 19?  Road ICU?  #coronavirus #COVID2019  #Italia  #ChineseVirus https://t.co/PnKCtNeCpE',b'dharmicvoices',"['coronavirus', 'COVID2019', 'Italia', 'ChineseVirus']",79
2020-03-25 12:22:52,b'Like a PiedPiper The WallStreet #FearlessGirl  grabbing a fiddle takes on the #coronavirus #pandemia with a #Tsunami #music\xf0\x9f\x8e\xbc melodies knowing it soothes the savage beast!                      #confinementjour9 #COVID2019 #Mixtape_OnTrack #WuhanVirus #Italia #Mixtape_\xeb\xb0\x94\xeb\xb3\xb4\xeb\x9d\xbc\xeb\x8f\x84\xec\x95\x8c\xec\x95\x84 https://t.co/VqT2nmZs3l https://t.co/fjfL3UP5SL',b'anyidea',"['FearlessGirl', 'coronavirus', 'pandemia', 'Tsunami', 'music', 'confinementjour9', 'COVID2019', 'Mixtape_OnTrack', 'WuhanVirus', 'Italia', 'Mixtape_바보라도알아']",10439
2020-03-25 12:16:31,b'Syrian perspective in Italy. Russian convoy en route to the red areas. #Russia #Russian #coronavirus #Italia https://t.co/3SEThiTgpA',b'IIIWWediting',"['Russia', 'Russian', 'coronavirus', 'Italia']",1228
2020-03-25 12:00:40,b'#Italia-n nurse with #coronavirus kills herself amid fears of infecting others https://t.co/zNarpOXisR via @nypost',b'yonkersoem40',"['Italia', 'coronavirus']",3388
2020-03-25 11:58:00,b'Day 10 in QUARANTINE  in Italy \xf0\x9f\x87\xae\xf0\x9f\x87\xb9  #coronavirus #COVID19 #Italia #funny #VideoViral #viral Follow for more - &gt; @AlijajArmen https://t.co/z0j4HK8Ph1',b'AlijajArmen',"['coronavirus', 'COVID19', 'Italia', 'funny', 'VideoViral', 'viral']",0
2020-03-25 11:52:34,b'Pray for #Italy \xf0\x9f\xa4\xb2  #COVID2019 #CoronaVirus #COVID19 #ItalyCoronavirus #Italia #CoronavirusLockdown #CoronavirusOutbreak https://t.co/VSQPLetn59',b'MohNasrr',"['Italy', 'COVID2019', 'CoronaVirus', 'COVID19', 'ItalyCoronavirus', 'Italia', 'CoronavirusLockdown', 'CoronavirusOutbreak']",2369
2020-03-25 11:28:49,"b""It's very hard time for Italy.. Just 5 min silence for the people of Italy. A tribute to all the unsung heroes of Italy who are working continuous for the sake of their country.  Italy, Cremona hospital. Ph Paolo Miranda #coronavirus #CoronaVirusitaly #Italia #ChineseVirusCorona https://t.co/rewTH9L5z5""",b'KathirRajendra1',"['coronavirus', 'CoronaVirusitaly', 'Italia', 'ChineseVirusCorona']",35
2020-03-25 10:55:41,b'@difesa_online #Polonia #Italia #Russia #Poland #Italy #coronavirusitalia #CoronaVirusitaly  #FakeNews   Poland Issued no Airspace Restrictions for the Russian Humanitarian Aid Flights Headed to Italy. #Coronavirus Employed by Kremlin as Means of Propaganda [COMMENTARY] https://t.co/DblRhxQovm',b'monika_mazurek',"['Polonia', 'Italia', 'Russia', 'Poland', 'Italy', 'coronavirusitalia', 'CoronaVirusitaly', 'FakeNews', 'Coronavirus']",1776
2020-03-25 10:53:13,b'#Polonia #Italia #Russia #Poland #Italy #coronavirusitalia #CoronaVirusitaly   Poland Issued no Airspace Restrictions for the Russian Humanitarian Aid Flights Headed to Italy. #Coronavirus Employed by Kremlin as Means of Propaganda [COMMENTARY] https://t.co/nXUnRwhCLN',b'monika_mazurek',"['Polonia', 'Italia', 'Russia', 'Poland', 'Italy', 'coronavirusitalia', 'CoronaVirusitaly', 'Coronavirus']",1776
2020-03-25 10:48:14,"b'34 years italian nurse killed herself after testing positive for #coronavirus and fearing she had infected others, according #Dailymail #Italia #CoronavirusLockdown #COVID2019 #StayHome https://t.co/d4PEtnYhOz'",b'Photogr66129556',"['coronavirus', 'Dailymail', 'Italia', 'CoronavirusLockdown', 'COVID2019', 'StayHome']",18
2020-03-25 10:48:08,b'More than 50 priests have died with #coronavirus in #Italy ....#Italia https://t.co/cZQgZaXtYP',b'chilternbear1',"['coronavirus', 'Italy', 'Italia']",3040
2020-03-25 10:29:08,b'Trying to keep things somewhat normal. Dinner at 8:00. #coronavirus #iorestoacasa #lucca #italia @villagilli @ Villa Gilli https://t.co/V0rReHaQ4P',b'janergherardi',"['coronavirus', 'iorestoacasa', 'lucca', 'italia']",375
2020-03-25 10:21:14,b'Beginning locked down in the hause Is not nice i know but our earth had to take a break from humans\xf0\x9f\x92\x95 #COVID2019 #coronavirus #ClimateChange #Italia #Italy',b'Ann34053344',"['COVID2019', 'coronavirus', 'ClimateChange', 'Italia', 'Italy']",0
2020-03-25 10:12:11,"b'Today #Mina, best and most famous Italian singer, turns 80. #HappyBirthdayMina!  #Italy #Italia #Mina80 #andratuttobene  #coronavirus #CoronaVirusItaly #CoronaVirusItalia #COVID19 #COVID\xe3\x83\xbc19 #Covid_19 #COVID2019  https://t.co/7dowQlGzlC'",b'Geo_AfterWorld',"['Mina', 'HappyBirthdayMina', 'Italy', 'Italia', 'Mina80', 'andratuttobene', 'coronavirus', 'CoronaVirusItaly', 'CoronaVirusItalia', 'COVID19', 'COVIDー19', 'Covid_19', 'COVID2019']",202
2020-03-25 10:05:00,b'#coronavirus WAS #spreading in #Lombardie #Italy WAY BACK IN NOVEMBER- EVEN BEFORE #Wuhan   #CoronaOutbreak #Hantavirus #COVID19 #BreakingNews #COVID2019uk #BREAKING #Europe #21daylockdown #CoronaOutbreak #Italia #iHeartAward #BBB2O2O #BBB20 #21daylockdown #kokopimentel #Japan https://t.co/RzfoW8Zbur',b'josephthavaraja',"['coronavirus', 'spreading', 'Lombardie', 'Italy', 'Wuhan', 'CoronaOutbreak', 'Hantavirus', 'COVID19', 'BreakingNews', 'COVID2019uk', 'BREAKING', 'Europe', '21daylockdown', 'CoronaOutbreak', 'Italia', 'iHeartAward', 'BBB2O2O', 'BBB20', '21daylockdown', 'kokopimentel', 'Japan']",113
2020-03-25 09:59:37,b'The mask ... #moscatrombetta #confusione #momentodifficile #quarantine #quarantena #themask #milano #milan #italia #italy #azzomene #esticazzi #thinking #solocosebelle #marzo2020 #coronavirus #resisteresempre\xe2\x80\xa6 https://t.co/X18lVJgK5L',b'ilic74',"['moscatrombetta', 'confusione', 'momentodifficile', 'quarantine', 'quarantena', 'themask', 'milano', 'milan', 'italia', 'italy', 'azzomene', 'esticazzi', 'thinking', 'solocosebelle', 'marzo2020', 'coronavirus', 'resisteresempre']",191
2020-03-25 09:43:15,b'Tropea #tropea #tropeabeach #italija #italia #italy  #vacation #travelling #tourism #tourist #photooftheday #traveller  #beautiful #citybreak #turizamiputovanja #putovanje #putovanja #beautifulplaces #beautiful #oldtown #coronavirus #covid_19 #stayathome  #calabriadaamare https://t.co/jVmMczSftv',b'TUmagazin',"['tropea', 'tropeabeach', 'italija', 'italia', 'italy', 'vacation', 'travelling', 'tourism', 'tourist', 'photooftheday', 'traveller', 'beautiful', 'citybreak', 'turizamiputovanja', 'putovanje', 'putovanja', 'beautifulplaces', 'beautiful', 'oldtown', 'coronavirus', 'covid_19', 'stayathome', 'calabriadaamare']",1058
2020-03-25 08:32:38,"b'cos\xc3\xac\xc2\xa0semplice \xf0\x9f\xa4\xa3\xf0\x9f\xa4\xa3 #italia #coronavirus #laughwithme I KNOW THE SITUATION IS NOT AT ALL FUNNY, BUTNI FO THINK A LITTLE BIT OF HUMOR HELPS \xf0\x9f\xa4\x97 STAY SAFE EVERYONE https://t.co/m5m4yJep4q'",b'AnaAdamantium',"['italia', 'coronavirus', 'laughwithme']",29
2020-03-25 07:58:29,b'Soon...  #Italia #Italy #ITALEXIT #EU #coronavirus #COVID19 #corona https://t.co/ZUW75mQC3Q',b'Bart4u2',"['Italia', 'Italy', 'ITALEXIT', 'EU', 'coronavirus', 'COVID19', 'corona']",210
2020-03-25 07:43:16,b'It is insufficient only with a mask. Corona is also infected from an eye. Please also do goggles. #COVID19 #coronavirus #corona #COVID\xe3\x83\xbc19  #ghana #America #Italia',b'jukablack',"['COVID19', 'coronavirus', 'corona', 'COVIDー19', 'ghana', 'America', 'Italia']",84
2020-03-25 07:22:36,b'#COVID19 #coronavirus  This may be how #Italy embraced #COVID  #ItalyCoronavirus #Italia https://t.co/qtegdmhx0b',b'BeerBabaa',"['COVID19', 'coronavirus', 'Italy', 'COVID', 'ItalyCoronavirus', 'Italia']",133
2020-03-25 07:12:48,b'Praying for the world \xf0\x9f\x99\x8f\xf0\x9f\x8f\xbb    #COVID2019 #CoronavirusLockdown #coronavirus #DarkestTimeline #Covid19Out #ItalyCoronavirus #Italia #Spain #COVIDmalaysia #21daylockdown   Michael Jackson - Heal The World (Official Video) https://t.co/TpihQtIWwc via @YouTube',b'womyn0',"['COVID2019', 'CoronavirusLockdown', 'coronavirus', 'DarkestTimeline', 'Covid19Out', 'ItalyCoronavirus', 'Italia', 'Spain', 'COVIDmalaysia', '21daylockdown']",185
2020-03-25 06:50:22,b'#Invented this pull-up #Coronavirus mask. #Mother\xe2\x80\x99s  will see the creativity right away.         #Diapers #2wish\xe0\xb8\x84\xe0\xb8\xb4\xe0\xb8\x94\xe0\xb8\x96\xe0\xb8\xb6\xe0\xb8\x87\xe0\xb8\x88\xe0\xb8\xb1\xe0\xb8\x87 #Covid19Out #COVIDIDIOTS #COVID2019 #COVID\xe3\x83\xbc19 #CoronavirusOutbreak #WuhanVirus #Wuhan #InItTogether #Italia #babies #toddlers #infants https://t.co/e7jvhJx1Ew',b'anyidea',"['Invented', 'Coronavirus', 'Mother', 'Diapers', '2wishคิดถึงจัง', 'Covid19Out', 'COVIDIDIOTS', 'COVID2019', 'COVIDー19', 'CoronavirusOutbreak', 'WuhanVirus', 'Wuhan', 'InItTogether', 'Italia', 'babies', 'toddlers', 'infants']",10439
2020-03-25 06:44:25,b'Sudden change of events..  Retweet   #Covid19 #coronavirus #CoronavirusOutbreakindia #IndiaFightsCorona #italya10 #Italia #italylockdown #ItalyCoronavirus #SpainLockDown #Spain #Covid_19 #californialockdown #lockdown #IndiaFightsCorona #21daylockdown #21DaysChallenge #Ugadi2020 https://t.co/Un3WJpwW4i',b'GautamGada1',"['Covid19', 'coronavirus', 'CoronavirusOutbreakindia', 'IndiaFightsCorona', 'italya10', 'Italia', 'italylockdown', 'ItalyCoronavirus', 'SpainLockDown', 'Spain', 'Covid_19', 'californialockdown', 'lockdown', 'IndiaFightsCorona', '21daylockdown', '21DaysChallenge', 'Ugadi2020']",16
2020-03-25 06:37:16,b'Silence is so freaking loud  #coronavirus #COVID2019 #Italia #ITALEXIT #CoronaPandemie #worldwide #StayHome https://t.co/hlliD7NhhP  #CoronaVirusAustralia  #COVID19 https://t.co/AG0bKxgL0G',b'PerthWAustralia',"['coronavirus', 'COVID2019', 'Italia', 'ITALEXIT', 'CoronaPandemie', 'worldwide', 'StayHome', 'CoronaVirusAustralia', 'COVID19']",3544
2020-03-25 06:29:13,b'Silence is so freaking loud  #coronavirus #COVID2019 #Italia #ITALEXIT #CoronaPandemie #worldwide #StayHome https://t.co/i2ZnUTeaKU',b'fioriimmaginari',"['coronavirus', 'COVID2019', 'Italia', 'ITALEXIT', 'CoronaPandemie', 'worldwide', 'StayHome']",808
2020-03-25 06:15:30,b'What\xe2\x80\x99s happening in Bergamo Italy? \xe2\xac\x87\xef\xb8\x8f https://t.co/ZXAkQuB08a - #icecream #dessert #food #foodie #chocolate #yummy #delicious #foodphotography #sweet #love #desserts #yum #coffee #tasty #summer #italy #sunshine #hotel #hot #art #summer #Bergamo #italy #Corona #coronavirus #Italia',b'CarbonCraftLtd',"['icecream', 'dessert', 'food', 'foodie', 'chocolate', 'yummy', 'delicious', 'foodphotography', 'sweet', 'love', 'desserts', 'yum', 'coffee', 'tasty', 'summer', 'italy', 'sunshine', 'hotel', 'hot', 'art', 'summer', 'Bergamo', 'italy', 'Corona', 'coronavirus', 'Italia']",2039
2020-03-25 06:10:08,b'Very Important message about #coronavirus by Molana Tariq Jamil.  @TariqJamilOFCL   #StayAtHomeSaveLives  #StayHome  #coronavirus #CoronaPandemie #COVID2019 #COVID19Pakistan  #lockdown #Italy #Italia https://t.co/iGVg9w13IO',b'aljameelpk',"['coronavirus', 'StayAtHomeSaveLives', 'StayHome', 'coronavirus', 'CoronaPandemie', 'COVID2019', 'COVID19Pakistan', 'lockdown', 'Italy', 'Italia']",230
2020-03-25 05:58:59,"b'""We may have all come on different ships, but we\'re in the same boat NOW. "" - Martin Luther King, Jr.   #COVID\xe3\x83\xbc19 #COVIDCanada #COVID19qc #USA #NewYork #NYC #UK #Italia #Espagne #France #Canada #Quebec #China #Japan #CoronaVirus #quotes #LutherKing #TrumpLiesAmericansDie #Trump https://t.co/S25H35Oni8'",b'ValPicard',"['COVIDー19', 'COVIDCanada', 'COVID19qc', 'USA', 'NewYork', 'NYC', 'UK', 'Italia', 'Espagne', 'France', 'Canada', 'Quebec', 'China', 'Japan', 'CoronaVirus', 'quotes', 'LutherKing', 'TrumpLiesAmericansDie', 'Trump']",5735
2020-03-25 05:51:29,b'Sitting home due to corona virus then Best Solution to earn money. https://t.co/XbeXodg5Z3  . . .  #coronavirus   #COVID2019 #Italia #italya10 #Italy #WorkFromHome #India #IndiaComeTogether #American #AmericaFirst #China #ChineseWuhanVirus #Coronaindia #money https://t.co/yHfHg5CPN6',b'DangePritam',"['coronavirus', 'COVID2019', 'Italia', 'italya10', 'Italy', 'WorkFromHome', 'India', 'IndiaComeTogether', 'American', 'AmericaFirst', 'China', 'ChineseWuhanVirus', 'Coronaindia', 'money']",4
2020-03-25 05:38:51,"b""#coronavirus doesn't block love.\xe2\x9d\xa4\xef\xb8\x8f 3rd \xf0\x9f\x87\xa8\xf0\x9f\x87\xb3China Medical support experts team from Fuzhou, Fujian province set off for #italy \xf0\x9f\x87\xae\xf0\x9f\x87\xb9 today. \xf0\x9f\x98\xad\xf0\x9f\x98\xad\xf0\x9f\x98\xad  Be safe,  heros! #italystaystrong  #cinaitaly  #Italia  #Italy https://t.co/K6KZUY47aG""",b'lovelyblueelf',"['coronavirus', 'italy', 'italystaystrong', 'cinaitaly', 'Italia', 'Italy']",73
2020-03-25 05:35:03,b'Updating of #coronavirus in #Italia #Spania #france #iran #usa #China #Russia Germany nazi ..   In last 24 hours many dead in France &amp; Spain !   No one in #Syria #Yemen Libya Turkmenistan &amp; Tajikistan yet https://t.co/TxH4NMIcxr',b'090203_S_A_H',"['coronavirus', 'Italia', 'Spania', 'france', 'iran', 'usa', 'China', 'Russia', 'Syria', 'Yemen']",2047
2020-03-25 05:28:11,b'This here!  - #covid19 #coviditaly #coronavirus #COVID2019 #StayAtHomeSaveLives #StayAtHomeOrder #StayHome #italylockdown #Italy #Italia #america #AmericanVirus #ChineseVirus https://t.co/Ia09VAP9CX',b'TheBlaqtivist',"['covid19', 'coviditaly', 'coronavirus', 'COVID2019', 'StayAtHomeSaveLives', 'StayAtHomeOrder', 'StayHome', 'italylockdown', 'Italy', 'Italia', 'america', 'AmericanVirus', 'ChineseVirus']",7
2020-03-25 04:05:28,b'The worst has not yet come Follow protocols or become #Italia #coronavirus #COVID\xe3\x83\xbc19 https://t.co/kucYMWSC7a',b'VU3UJM',"['Italia', 'coronavirus', 'COVIDー19']",773
2020-03-25 03:51:57,"b'10 times more Italians could have coronavirus than tallies show, official says https://t.co/aK8jVoMnIk #coronavirus #coronavirusitalla #Italy #italystaystrong #Italia  #Itallian #coronVirusUpdate #COVID19 #Pandemic #Coronalert #Corona #CoronavirusOutbreak'",b'SchneiderDallas',"['coronavirus', 'coronavirusitalla', 'Italy', 'italystaystrong', 'Italia', 'Itallian', 'coronVirusUpdate', 'COVID19', 'Pandemic', 'Coronalert', 'Corona', 'CoronavirusOutbreak']",1507
2020-03-25 03:39:18,b'#Coronavirus in #Italy takes its toll on organized crime - could end up being loan sharks to small businesses   https://t.co/idJr9PTekD  #Covid19 #coronaitaly #italia #mafia #mafioso',b'SundMl',"['Coronavirus', 'Italy', 'Covid19', 'coronaitaly', 'italia', 'mafia', 'mafioso']",2106
2020-03-25 03:29:24,b'Hotels in Attingal | Hotel Savithri https://t.co/zbNtbwYdUF #HotelsInAttingal #Hotels_in_Attingal #corona #coronavirus #virus #china #viruscorona #kerala #coronainkerala #covid #wuhan #coronav #coronavirusoutbreak #italia #coronavir #Lockdown21 #epidemic #health #wuhancoronavirus https://t.co/b2EXnNb27E',b'HotelSavithri',"['HotelsInAttingal', 'Hotels_in_Attingal', 'corona', 'coronavirus', 'virus', 'china', 'viruscorona', 'kerala', 'coronainkerala', 'covid', 'wuhan', 'coronav', 'coronavirusoutbreak', 'italia', 'coronavir', 'Lockdown21', 'epidemic', 'health', 'wuhancoronavirus']",19
2020-03-25 02:50:06,"b'#Italy reported a sharp rise in its #coronavirus death toll. There are now over 70,000 cases and almost 7,000 deaths.  #CoronavirusPandemic #photography #koronavirus #Covid19 #CoronaOutbreak #SocialDistancing #Italia #korona #health #stayhome #stayhomesavelives https://t.co/k8nwDvV8y9'",b'TravelWithXtina',"['Italy', 'coronavirus', 'CoronavirusPandemic', 'photography', 'koronavirus', 'Covid19', 'CoronaOutbreak', 'SocialDistancing', 'Italia', 'korona', 'health', 'stayhome', 'stayhomesavelives']",8049
2020-03-25 02:24:39,b'This is my HERO! RIP my friend. We Miss you! I cry!   #coronavirus #COVID\xe3\x83\xbc19 #COVID19 #Corona #Coronakrise #CoronaOutbreak #corvid #Deutschland #Italia #COVID19de #coronadeutschland #reiseinsverderben #Hero #Heroes #Doctor #Professor #Germany  #hospital #CVID19 https://t.co/XEjwJgAIIn',b'konvweb',"['coronavirus', 'COVIDー19', 'COVID19', 'Corona', 'Coronakrise', 'CoronaOutbreak', 'corvid', 'Deutschland', 'Italia', 'COVID19de', 'coronadeutschland', 'reiseinsverderben', 'Hero', 'Heroes', 'Doctor', 'Professor', 'Germany', 'hospital', 'CVID19']",592
2020-03-25 02:24:27,"b'@Ciro21061998 Italian Americans around the world and in the US need to pray for our homeland.  When this passes, we must go and support our homeland and fellow brothers.  #Italia #coronavirus #Italy #PrayersForCoronaFreeWorld #support #Peace #love'",b'squiddster77',"['Italia', 'coronavirus', 'Italy', 'PrayersForCoronaFreeWorld', 'support', 'Peace', 'love']",230
2020-03-25 02:16:27,b'Latest Italian coronavirus death toll dashes hopes worst is over @AJENews  https://t.co/JZ5Q7PQ88j #coronavirus #coronavirusitalla #Italy #italystaystrong #Italia  #Itallian #coronVirusUpdate #COVID19 #Pandemic #Coronalert #Corona #CoronavirusOutbreak',b'SchneiderDallas',"['coronavirus', 'coronavirusitalla', 'Italy', 'italystaystrong', 'Italia', 'Itallian', 'coronVirusUpdate', 'COVID19', 'Pandemic', 'Coronalert', 'Corona', 'CoronavirusOutbreak']",1507
2020-03-25 01:53:07,b'A piece of good news in Italy today. https://t.co/j8JZ0DcXE4 #coronavirus #CoronavirusLockdown #CoronaVirusChallenge #italia',b'AllDigitas',"['coronavirus', 'CoronavirusLockdown', 'CoronaVirusChallenge', 'italia']",104
2020-03-25 01:40:00,b'https://t.co/MJPdThQsyY us bank auto loan phone number #covid19 #coronavirus #corona #italia #coronausa #coronavirusitalia #important . Stay at home and manage the features over the phone call. #loan #usa',b'ishantnayyar',"['covid19', 'coronavirus', 'corona', 'italia', 'coronausa', 'coronavirusitalia', 'important', 'loan', 'usa']",233
2020-03-25 01:28:37,"b'As Italy Approaches Peak Coronavirus, Markets Get A Better Timeline For Pandemic\xe2\x80\x99s Final  https://t.co/lMYGDzZTwK #coronavirus #coronavirusitalla #Italy #italystaystrong #Italia  #Itallian #coronVirusUpdate #COVID19 #Pandemic'",b'SchneiderDallas',"['coronavirus', 'coronavirusitalla', 'Italy', 'italystaystrong', 'Italia', 'Itallian', 'coronVirusUpdate', 'COVID19', 'Pandemic']",1507
2020-03-25 01:03:43,"b'""#Italy\xe2\x80\x99s demographic problem of falling #fertility should be seen as the backdrop to its #coronavirus crisis."" https://t.co/BT0aCBJjeA #Europe #population #worldnews #COVID19Italia #demographics #elderly #publichealth #ageingpopulation #Italia #COVID2019 #COVID\xe3\x83\xbc19 #health #news'",b'CanberraDeclara',"['Italy', 'fertility', 'coronavirus', 'Europe', 'population', 'worldnews', 'COVID19Italia', 'demographics', 'elderly', 'publichealth', 'ageingpopulation', 'Italia', 'COVID2019', 'COVIDー19', 'health', 'news']",754
2020-03-25 00:49:59,"b'OLAFVIRUS HITS #Eurozone : @OlafScholz opposed to #coronabonds and #ESM help, ignoring 13 European economists (suggesting ESM)&amp; also 7 Germans (suggesting eurobonds rated with AAA) #Eurogruppo #Eurogroupe #coronavirus #Italia #StayHome #economy #recession2020 #market #COVID2019 https://t.co/7uZhVQtnGL'",b'konsvoudouris',"['Eurozone', 'coronabonds', 'ESM', 'Eurogruppo', 'Eurogroupe', 'coronavirus', 'Italia', 'StayHome', 'economy', 'recession2020', 'market', 'COVID2019']",1223
2020-03-25 00:34:49,b'Trying to talk to clients during a lockdown. Bless you #Italia - we love you all! #coronavirus #workingfromhome #StaySafe https://t.co/A4UNkQMa0U',b'catherinebarr',"['Italia', 'coronavirus', 'workingfromhome', 'StaySafe']",26896
2020-03-25 00:26:20,b'#Rome and the quarantine 24/3/2020 #Italia \xf0\x9f\x87\xae\xf0\x9f\x87\xb9\xf0\x9f\x87\xae\xf0\x9f\x87\xb9 #COVID19 #coronavirus #lockdown  #StayHome  Out for shopping \xf0\x9f\x98\x95 https://t.co/pP37VSfW7Q',b'Jaber__r',"['Rome', 'Italia', 'COVID19', 'coronavirus', 'lockdown', 'StayHome']",247
2020-03-25 00:23:23,b'Italy Finally Turns the Corner -- Coronavirus Confirmed Cases and Number of Deaths Begin Trending Down #coronavirus #Italia https://t.co/OAoRaMEAxR via @gatewaypundit',b'JackInOhio',"['coronavirus', 'Italia']",1096
2020-03-25 00:06:37,b'#Crematorium in north of #Italy reaching overload as it performs up to 170 #cremations per week #coronavirus . JUST ONE in ONE TOWN #Coronavid19 #coronavirusitalla #COVID\xe3\x83\xbc19 #COVIDIOTS #Italia #italystaystrong https://t.co/h2M7gVp43v https://t.co/4Czy7JOTEQ',b'PerthWAustralia',"['Crematorium', 'Italy', 'cremations', 'coronavirus', 'Coronavid19', 'coronavirusitalla', 'COVIDー19', 'COVIDIOTS', 'Italia', 'italystaystrong']",3544
2020-03-24 23:58:11,"b'\xe2\x9a\xa0\xef\xb8\x8f Marco Sportiello is officially the first @Atalanta_BC player to be tested positive for the Coronavirus \xf0\x9f\x98\xb7 FORZA MARCO, SIAMO TUTTI CON TE \xf0\x9f\x99\x8f\xf0\x9f\x8f\xbc\xf0\x9f\x96\xa4\xf0\x9f\x92\x99  #Atalanta #LaDea #Bergamo #Sportiello #ForzaMarco #ForzaDea #Coronavirus #COVID19 #Italia #GenteComeNoiNonMollaMai #SerieA #Calcio https://t.co/ppmqbHyq6I'",b'TheCalcioGuys',"['Atalanta', 'LaDea', 'Bergamo', 'Sportiello', 'ForzaMarco', 'ForzaDea', 'Coronavirus', 'COVID19', 'Italia', 'GenteComeNoiNonMollaMai', 'SerieA', 'Calcio']",728
2020-03-24 23:26:05,b'Heal The World \xf0\x9f\x99\x8f\xf0\x9f\x8f\xbb #coronavirus #Italia #iorestoacasa',b'lyndet26',"['coronavirus', 'Italia', 'iorestoacasa']",143
2020-03-24 23:06:38,b'#Coronavirus #COVID19 Global Cases @JHUSystems 3/24/2020 10:40:43 PM \xc2\xbb https://t.co/Y7QRpPWIXx  Novel Coronavirus COVID-19 @UW HGIS Lab 2020-03-24 13:43:32 PST \xc2\xbb https://t.co/kcWnH4RCGv    COVID-19 #Italia - @DPCgov Ultimo aggiornamento 24/03/2020 17:00 \xc2\xbb https://t.co/EVoHhVtN4u https://t.co/PuGsjyq72c',b'MedicalScitech',"['Coronavirus', 'COVID19', 'Italia']",132
2020-03-24 22:42:11,"b'Italy stay strong \xf0\x9f\x92\x9a\xf0\x9f\xa4\x8d\xe2\x9d\xa4\xef\xb8\x8f  FORZA ITALIA !!!!  \xf0\x9f\x92\xaa\xf0\x9f\x8f\xbb\xf0\x9f\x87\xae\xf0\x9f\x87\xb9\xf0\x9f\x99\x8f\xf0\x9f\x8f\xbb\xf0\x9f\x8c\x8d\xf0\x9f\x8f\xa1 #prayforitaly , #PrayForTheWorld , #StayAtHome , #iorestocasa , #ResterChezVous , #COVID19 , #coronavirus , #italia, #italie, #loveitaly https://t.co/SPGSUL3X8a'",b'caterina39',"['prayforitaly', 'PrayForTheWorld', 'StayAtHome', 'iorestocasa', 'ResterChezVous', 'COVID19', 'coronavirus', 'italia', 'italie', 'loveitaly']",61
2020-03-24 21:41:12,"b'Political Correctness Kills: Fearing \xe2\x80\x98Racism\xe2\x80\x99 Allegations, #Italy Failed to Isolate #Wuhan Travelers Early https://t.co/lFxcPLQh5x #Coronavirus #KungFlu #Italia'",b'ConservativeCCh',"['Italy', 'Wuhan', 'Coronavirus', 'KungFlu', 'Italia']",2781
