Texto del tweet,Usuario,Fecha,id
@WHO Propaganda to make @WHO look like they did their job. Shame on YOU,LyndaMarie8888,Fri Apr 10 01:37:18 +0000 2020,[]
@WHO this is pretty accurate..,Hezander1,Fri Apr 10 01:37:20 +0000 2020,[]
@WHO SUCKS &amp; is guilty of BS for the #ChineseVirus,labachus,Fri Apr 10 01:37:28 +0000 2020,[]
RT @WHO: You can catch #COVID19 no matter how sunny or hot the weather is. Countries with hot weather have reported cases of COVID-19. To p‚Ä¶,MrBazingga,Fri Apr 10 01:37:33 +0000 2020,[]
@WHO Biggest event: WHO lied to the world that funds them. #ByeWHO,CrystalCar2,Fri Apr 10 01:38:01 +0000 2020,[]
"@WHO 

https://t.co/hLzoPOWY1M",clover_lin39,Fri Apr 10 01:38:03 +0000 2020,"[{'url': 'https://t.co/hLzoPOWY1M', 'expanded_url': 'https://youtu.be/EKh6qiAGDfA', 'display_url': 'youtu.be/EKh6qiAGDfA', 'indices': [7, 30]}]"
RT @WHO: It usually takes several years to develop a vaccine. The first #COVID19 vaccine trial began just 60 days after the genetic sequenc‚Ä¶,MrBazingga,Fri Apr 10 01:38:04 +0000 2020,[]
@WHO should be totally defunded they are a waste and it is taxpayer funds. Let‚Äôs support Taiwan especially since th‚Ä¶ https://t.co/FLP4xXMhIi,Lvstarlet64,Fri Apr 10 01:38:15 +0000 2020,"[{'url': 'https://t.co/FLP4xXMhIi', 'expanded_url': 'https://twitter.com/i/web/status/1248425027336146945', 'display_url': 'twitter.com/i/web/status/1‚Ä¶', 'indices': [117, 140]}]"
"@WHO 
@DrTedros 
1.Who will listen to these failed and Chinese line toeing institutions?? 
2.Who is responsible for‚Ä¶ https://t.co/FeElFoRZNS",sskbind_Ind15,Fri Apr 10 01:38:30 +0000 2020,"[{'url': 'https://t.co/FeElFoRZNS', 'expanded_url': 'https://twitter.com/i/web/status/1248425088795332614', 'display_url': 'twitter.com/i/web/status/1‚Ä¶', 'indices': [117, 140]}]"
RT @WHO: Preliminary investigations conducted by the Chinese authorities have found no clear evidence of human-to-human transmission of the‚Ä¶,bmx71054548,Fri Apr 10 01:38:51 +0000 2020,[]
@WHO You lying pieces of dogshit!  May you all die extremely painful deaths.,enki0999,Fri Apr 10 01:52:39 +0000 2020,[]
"@WHO https://t.co/bZDPPfq8gD
üëÜ
What is this hypocrisy ? 
@WHO @DrTedros (puppet of China) 
@MOFA_Taiwan 
Taiwan isn‚Ä¶ https://t.co/oCEBVmvK8m",AnshumanPratik,Fri Apr 10 01:52:51 +0000 2020,"[{'url': 'https://t.co/bZDPPfq8gD', 'expanded_url': 'https://youtu.be/UlCYFh8U2xM', 'display_url': 'youtu.be/UlCYFh8U2xM', 'indices': [5, 28]}, {'url': 'https://t.co/oCEBVmvK8m', 'expanded_url': 'https://twitter.com/i/web/status/1248428701747777536', 'display_url': 'twitter.com/i/web/status/1‚Ä¶', 'indices': [117, 140]}]"
"RT @WHO: As we mark 100 days since the first case of what we now call #COVID19 now was notified to WHO, here is the timeline of key events‚Ä¶",nadiahishamsaid,Fri Apr 10 01:53:09 +0000 2020,[]
"RT @WHO: The most common symptoms of #COVID19 are fever, dry cough, tiredness.
Some patients may have:
-aches &amp; pains
-nasal congestion
-ru‚Ä¶",Palitodeazucar,Fri Apr 10 01:53:26 +0000 2020,[]
@WHO how much those commie bastards payin you?,ryanwhelan22,Fri Apr 10 01:54:00 +0000 2020,[]
"RT @WHO: The most common symptoms of #COVID19 are fever, dry cough, tiredness.
Some patients may have:
-aches &amp; pains
-nasal congestion
-ru‚Ä¶",akaMartchoin,Fri Apr 10 01:54:52 +0000 2020,[]
@WHO Correction it was 102 days ago Taiwan alerted you first why did you ignore their notification?,bsa3977,Fri Apr 10 01:55:11 +0000 2020,[]
"@WHO @WHOThailand @WHOSEARO @WHOWPRO The world ain't for W.H.O,AMERICANS,or CHINA...The world is for PEACE..lets al‚Ä¶ https://t.co/WQvmZYka2q",kofi_barcelona,Fri Apr 10 01:55:38 +0000 2020,"[{'url': 'https://t.co/WQvmZYka2q', 'expanded_url': 'https://twitter.com/i/web/status/1248429402389483521', 'display_url': 'twitter.com/i/web/status/1‚Ä¶', 'indices': [117, 140]}]"
@WHO @tonyashai @kavita_krishnan @ashoswai @arjunsethi81 #KashmirCovid19,rosemarykashmir,Fri Apr 10 01:55:55 +0000 2020,[]
@WHO When will you mark the anniversary in which China bought you? #WHOLiedPeopleDied,chungkingxprez,Fri Apr 10 01:56:18 +0000 2020,[]
"RT @WHO: üìö A new story book ‚ÄúMy Hero is You, How kids can fight COVID-19!‚Äù - aimed at children aged 6-11 years old, is released today to he‚Ä¶",AllenFinley,Fri Apr 10 01:56:45 +0000 2020,[]
RT @WHO: Preliminary investigations conducted by the Chinese authorities have found no clear evidence of human-to-human transmission of the‚Ä¶,PBardzik,Fri Apr 10 01:56:48 +0000 2020,[]
"RT @WHO: As we mark 100 days since the first case of what we now call #COVID19 now was notified to WHO, here is the timeline of key events‚Ä¶",IXcatz,Fri Apr 10 01:56:58 +0000 2020,[]
"RT @WHO: ""Our singular focus is on working to serve all people to save lives and stop the #COVID19 pandemic ‚Äì stop this dangerous enemy""-@D‚Ä¶",NahalRashpal,Fri Apr 10 01:57:36 +0000 2020,[]
@WHO  #LockThemAllUp racketeering + crimes against humanity,NooneinH,Fri Apr 10 02:01:50 +0000 2020,[]
@WHO Tienamen square Tienamen square Tienamen square Tienamen square Tienamen square Tienamen square Tienamen square,thefirestarte10,Fri Apr 10 02:01:55 +0000 2020,[]
@WHO situation could have been better if this WuhanHealthOrganisation had played its role instead safeguarding and‚Ä¶ https://t.co/TSGrGMJnjL,Rajantweets_,Fri Apr 10 02:02:34 +0000 2020,"[{'url': 'https://t.co/TSGrGMJnjL', 'expanded_url': 'https://twitter.com/i/web/status/1248431147035398149', 'display_url': 'twitter.com/i/web/status/1‚Ä¶', 'indices': [116, 139]}]"
@WHO @DrTedros https://t.co/fihVCIwoaH,Nateel_29,Fri Apr 10 02:02:37 +0000 2020,[]
@WHO You globalist losers fvcked up big. I‚Äôm sure you don‚Äôt care how much blood you have on your hands. I just hope‚Ä¶ https://t.co/IuyA39LJxF,BeachBumLolly,Fri Apr 10 02:02:47 +0000 2020,"[{'url': 'https://t.co/IuyA39LJxF', 'expanded_url': 'https://twitter.com/i/web/status/1248431201599152128', 'display_url': 'twitter.com/i/web/status/1‚Ä¶', 'indices': [117, 140]}]"
"RT @WHO: ‚ÄúSometimes when we are feeling very afraid or unsafe, it can help to imagine a safe place in our minds."". Ario asked the children‚Ä¶",LuAnnWHNP,Fri Apr 10 02:04:09 +0000 2020,[]
@WHO why #WHO silent on other pathy... is #WHO feed by pharmacy company.... why so much confusion??,ajeydada,Fri Apr 10 02:04:34 +0000 2020,[]
"RT @WHO: As we mark 100 days since the first case of what we now call #COVID19 now was notified to WHO, here is the timeline of key events‚Ä¶",92Rakesh2,Fri Apr 10 02:04:53 +0000 2020,[]
@WHO said it the #USA is politicizing this virus and it will be deadly however the lunatic @realDonaldTrump at the‚Ä¶ https://t.co/dPaDX7m5Nh,cldlop,Fri Apr 10 02:04:59 +0000 2020,"[{'url': 'https://t.co/dPaDX7m5Nh', 'expanded_url': 'https://twitter.com/i/web/status/1248431754811027456', 'display_url': 'twitter.com/i/web/status/1‚Ä¶', 'indices': [116, 139]}]"
@WHO is as guilty as #China un spreading the #ChineseVirus (also known as #Covid_19 and #Corona because it partnere‚Ä¶ https://t.co/Mxy5pekDLQ,vks_27,Fri Apr 10 02:05:05 +0000 2020,"[{'url': 'https://t.co/Mxy5pekDLQ', 'expanded_url': 'https://twitter.com/i/web/status/1248431780442435585', 'display_url': 'twitter.com/i/web/status/1‚Ä¶', 'indices': [117, 140]}]"
"@WHO while you're working closely with the virus, don't get addicted to social media. Spend your time wisely on what's to be done.",izayoi_ami,Fri Apr 10 02:18:39 +0000 2020,[]
"@WHO World corrupted organisation... 

And Dr. Trades is also corrupted... 

#chinaVirusMadeInChina",Aj96128519,Fri Apr 10 02:18:49 +0000 2020,[]
"RT @WHO: So far WHO has:
-shipped 2M individual items of protective gear to 75 countries that need it most
-shipped 1.5M laboratory tests t‚Ä¶",iamerincruz,Fri Apr 10 02:18:50 +0000 2020,[]
@WHO @WHOThailand @WHOSEARO @WHOWPRO #Chineseplague #PesteChina . #ChineseWHO,luckyjumaba,Fri Apr 10 02:19:00 +0000 2020,[]
"RT @WHO: To alleviate suffering &amp; save lives, WHO is: 

-Supporting countries to prepare &amp; respond

-Providing accurate information &amp; fight‚Ä¶",iamerincruz,Fri Apr 10 02:19:23 +0000 2020,[]
@WHO Did you forget this? https://t.co/vGTCSUjzRf,tracyhutchsgt,Fri Apr 10 02:19:24 +0000 2020,[]
"@WHO On other scientific pathy.. #WHO role ..
@WHO =neuton 
#Think about #ayurveda ,save the world ,save #humanity‚Ä¶ https://t.co/0ErqM9ybO9",ajeydada,Fri Apr 10 02:19:28 +0000 2020,"[{'url': 'https://t.co/0ErqM9ybO9', 'expanded_url': 'https://twitter.com/i/web/status/1248435399011102720', 'display_url': 'twitter.com/i/web/status/1‚Ä¶', 'indices': [116, 139]}]"
@WHO no logra de cohesionar los estudios de diversas universidades del üåé. Dimes y diretes d√≠a a d√≠a con el covid-19‚Ä¶ https://t.co/EDHhaHlNim,vincenzoalaimoc,Fri Apr 10 02:19:37 +0000 2020,"[{'url': 'https://t.co/EDHhaHlNim', 'expanded_url': 'https://twitter.com/i/web/status/1248435434830495744', 'display_url': 'twitter.com/i/web/status/1‚Ä¶', 'indices': [117, 140]}]"
"RT @WHO: As we mark 100 days since the first case of what we now call #COVID19 now was notified to WHO, here is the timeline of key events‚Ä¶",ABULKASHAM,Fri Apr 10 02:19:50 +0000 2020,[]
"@WHO Total budget of @WHO to treat #COVID2019 to only one pathy, why not interest in other pathy #Ayurveda  to save‚Ä¶ https://t.co/GpD6Uz3alL",ajeydada,Fri Apr 10 02:19:58 +0000 2020,"[{'url': 'https://t.co/GpD6Uz3alL', 'expanded_url': 'https://twitter.com/i/web/status/1248435523514851333', 'display_url': 'twitter.com/i/web/status/1‚Ä¶', 'indices': [117, 140]}]"
@WHO https://t.co/fO2LnwHvXe,Nowa04451959,Fri Apr 10 02:33:33 +0000 2020,"[{'url': 'https://t.co/fO2LnwHvXe', 'expanded_url': 'https://twitter.com/SenateForeign/status/1247601837747900416?s=19', 'display_url': 'twitter.com/SenateForeign/‚Ä¶', 'indices': [5, 28]}]"
"@WHO Excuse me. Who tho FUCK let you think the attack from Taiwan.
And you guys said that Taiwan is included in P.R‚Ä¶ https://t.co/6ffxhA1ZDe",MilkTeaChase04,Fri Apr 10 02:33:49 +0000 2020,"[{'url': 'https://t.co/6ffxhA1ZDe', 'expanded_url': 'https://twitter.com/i/web/status/1248439008251670528', 'display_url': 'twitter.com/i/web/status/1‚Ä¶', 'indices': [117, 140]}]"
@WHO @DrTedros https://t.co/fO2LnwHvXe,Nowa04451959,Fri Apr 10 02:33:55 +0000 2020,"[{'url': 'https://t.co/fO2LnwHvXe', 'expanded_url': 'https://twitter.com/SenateForeign/status/1247601837747900416?s=19', 'display_url': 'twitter.com/SenateForeign/‚Ä¶', 'indices': [15, 38]}]"
"RT @WHO: üìö A new story book ‚ÄúMy Hero is You, How kids can fight COVID-19!‚Äù - aimed at children aged 6-11 years old, is released today to he‚Ä¶",wildaadrnt,Fri Apr 10 02:34:04 +0000 2020,[]
@WHO https://t.co/fO2LnwHvXe,Nowa04451959,Fri Apr 10 02:34:05 +0000 2020,"[{'url': 'https://t.co/fO2LnwHvXe', 'expanded_url': 'https://twitter.com/SenateForeign/status/1247601837747900416?s=19', 'display_url': 'twitter.com/SenateForeign/‚Ä¶', 'indices': [5, 28]}]"
@WHO @HRPresearch @UNU_IIGH @bmj_latest @WHOWPRO @WHOSEARO @WHOAFRO @WHOEMRO @WHO_Europe @pahowho Thought I'd share‚Ä¶ https://t.co/yFwGYpRIXl,cyclezingg,Fri Apr 10 02:34:37 +0000 2020,"[{'url': 'https://t.co/yFwGYpRIXl', 'expanded_url': 'https://twitter.com/i/web/status/1248439209540517890', 'display_url': 'twitter.com/i/web/status/1‚Ä¶', 'indices': [117, 140]}]"
@WHO @DrMikeRyan @DrTedros WHO has proved to be a huge failure towards safeguarding humanity against #Chinesevirus‚Ä¶ https://t.co/mGN0dJtHaL,SaatySanatan,Fri Apr 10 02:34:38 +0000 2020,"[{'url': 'https://t.co/mGN0dJtHaL', 'expanded_url': 'https://twitter.com/i/web/status/1248439215265738753', 'display_url': 'twitter.com/i/web/status/1‚Ä¶', 'indices': [116, 139]}]"
"RT @WHO: Talking to people you know and trust can help ‚Äî check in on neighbours, family and friends. Listen to music, read a book or play a‚Ä¶",aryolivans,Fri Apr 10 02:35:19 +0000 2020,[]
RT @WHO: Preliminary investigations conducted by the Chinese authorities have found no clear evidence of human-to-human transmission of the‚Ä¶,Abdulmetin25,Fri Apr 10 02:35:58 +0000 2020,[]
RT @WHO: 5 Jan 2020: WHO publishes first Disease Outbreak News on the new virus. This is a flagship technical publication to the scientific‚Ä¶,Fercho13621362,Fri Apr 10 02:36:23 +0000 2020,[]
"@WHO 

For Tedros that the authorities of government of Taiwan have found evidence that the person who scolded you‚Ä¶ https://t.co/9x91BDAJ28",HCLai4,Fri Apr 10 02:40:02 +0000 2020,"[{'url': 'https://t.co/9x91BDAJ28', 'expanded_url': 'https://twitter.com/i/web/status/1248440575608500225', 'display_url': 'twitter.com/i/web/status/1‚Ä¶', 'indices': [116, 139]}]"
@WHO For Tedros that the authorities of government of Taiwan have found evidence that the person who scolded you wa‚Ä¶ https://t.co/m2ZywAZ1pk,HCLai4,Fri Apr 10 02:40:20 +0000 2020,"[{'url': 'https://t.co/m2ZywAZ1pk', 'expanded_url': 'https://twitter.com/i/web/status/1248440649105326085', 'display_url': 'twitter.com/i/web/status/1‚Ä¶', 'indices': [117, 140]}]"
@WHO I SRINIVAS 919848094641 from Hyderabad India is accepting the challenge given by WHO to fight against Covid19‚Ä¶ https://t.co/UAX1ve01ye,SRINIVAAS4,Fri Apr 10 02:40:26 +0000 2020,"[{'url': 'https://t.co/UAX1ve01ye', 'expanded_url': 'https://twitter.com/i/web/status/1248440674137096194', 'display_url': 'twitter.com/i/web/status/1‚Ä¶', 'indices': [116, 139]}]"
@WHO 100 days my butt.,DarlaScheuerman,Fri Apr 10 02:40:33 +0000 2020,[]
RT @WHO: Preliminary investigations conducted by the Chinese authorities have found no clear evidence of human-to-human transmission of the‚Ä¶,MarcusSmarfy,Fri Apr 10 02:41:01 +0000 2020,[]
"RT @WHO: As we mark 100 days since the first case of what we now call #COVID19 now was notified to WHO, here is the timeline of key events‚Ä¶",ItalyinChina,Fri Apr 10 02:41:32 +0000 2020,[]
@WHO Every nation should stop funding this corrupt bottom bitch of the ccp. They need to be held accountable as should ccp.,Zach062,Fri Apr 10 02:42:51 +0000 2020,[]
"RT @WHOWPRO: You can help protect yourself and others from #COVID19 by being:  
- Informed 
- Prepared 
- Smart 
- Safe 
Get more informati‚Ä¶",afifahtswn,Fri Apr 10 02:43:20 +0000 2020,[]
@WHO ‡§ï‡§æ ‡§®‡§æ‡§Æ ‡§¨‡§¶‡§≤‡§ï‡§∞ ChineseHealth Organization ‡§ï‡§∞ ‡§¶‡•á‡§®‡§æ ‡§ö‡§æ‡§π‡§ø‡§è‡•§ ‡§ï‡•ç‡§Ø‡•ã‡§Ç‡§ï‡§ø #ChineseVirus19 ‡§™‡§∞ ‡§á‡§∏ ‡§∏‡§Ç‡§∏‡•ç‡§•‡§æ ‡§®‡•á ‡§ó‡§≤‡§§ ‡§ú‡§æ‡§®‡§ï‡§æ‡§∞‡•Ä ‡§¶‡•á‡§ï‚Ä¶ https://t.co/bl01DKGsz1,BhartiyRanjit,Fri Apr 10 02:43:28 +0000 2020,"[{'url': 'https://t.co/bl01DKGsz1', 'expanded_url': 'https://twitter.com/i/web/status/1248441439467397121', 'display_url': 'twitter.com/i/web/status/1‚Ä¶', 'indices': [117, 140]}]"
"RT @WHO: As we mark 100 days since the first case of what we now call #COVID19 now was notified to WHO, here is the timeline of key events‚Ä¶",ShashankAgar23,Fri Apr 10 02:43:52 +0000 2020,[]
@WHO can fuck off now.,Disenfranchis1,Fri Apr 10 02:48:50 +0000 2020,[]
"RT @WHO: 13 Mar 2020: WHO, @unfoundation and partners launch first-of-its-kind #COVID19 Solidarity Response Fund: https://t.co/WV9i5bp2LP‚Ä¶",ArielBlocker,Fri Apr 10 02:48:52 +0000 2020,"[{'url': 'https://t.co/WV9i5bp2LP', 'expanded_url': 'http://bit.ly/COVID19Fund', 'display_url': 'bit.ly/COVID19Fund', 'indices': [114, 137]}]"
"@WHO 
‡§®‡§Æ‡§∏‡•ç‡§§‡•á",HameedHafij,Fri Apr 10 02:49:16 +0000 2020,[]
@WHO @MSNBC @CNN something is not right here,dbbeagles,Fri Apr 10 02:49:34 +0000 2020,[]
"RT @WHO: 13 Mar 2020: WHO launches the #SafeHands Challenge to promote the power of clean hands to fight the #coronavirus.

https://t.co/ML‚Ä¶",ArielBlocker,Fri Apr 10 02:49:36 +0000 2020,[]
@WHO Tell us more about prior to Jan 1st. How you hide this under Chinese influence. People were showing symptoms during October 2019.,Chagri1907,Fri Apr 10 02:49:42 +0000 2020,[]
@WHO @XHNews @nytimes https://t.co/lwtLmy3rD0,arindam9734,Fri Apr 10 02:49:45 +0000 2020,[]
"RT @WHO: As we mark 100 days since the first case of what we now call #COVID19 now was notified to WHO, here is the timeline of key events‚Ä¶",happytravl,Fri Apr 10 02:49:46 +0000 2020,[]
"RT @WHO: 15 Mar 2020: WHO #COVID19 Mission to #Iraq covers detection and response. #coronavirus

https://t.co/HlklGbCuhl",ArielBlocker,Fri Apr 10 02:50:03 +0000 2020,"[{'url': 'https://t.co/HlklGbCuhl', 'expanded_url': 'https://twitter.com/WHOIraq/status/1238174873425514499?s=20', 'display_url': 'twitter.com/WHOIraq/status‚Ä¶', 'indices': [97, 120]}]"
"RT @WHO: 16 Mar 2020: #TogetherAtHome online concert series begins, to promote physical distancing and taking action for global health, pre‚Ä¶",ArielBlocker,Fri Apr 10 02:50:22 +0000 2020,[]
"@WHO @DrTedros Say sorry to TAIWAN
https://t.co/ymbtzHSFMf",suNNieSaNi,Fri Apr 10 02:58:35 +0000 2020,"[{'url': 'https://t.co/ymbtzHSFMf', 'expanded_url': 'https://m.youtube.com/watch?v=EKh6qiAGDfA', 'display_url': 'm.youtube.com/watch?v=EKh6qi‚Ä¶', 'indices': [35, 58]}]"
RT @WHO: You can catch #COVID19 no matter how sunny or hot the weather is. Countries with hot weather have reported cases of COVID-19. To p‚Ä¶,EDPC66,Fri Apr 10 02:58:35 +0000 2020,[]
"@WHO Say sorry to TAIWAN
https://t.co/ymbtzHSFMf",suNNieSaNi,Fri Apr 10 02:58:43 +0000 2020,"[{'url': 'https://t.co/ymbtzHSFMf', 'expanded_url': 'https://m.youtube.com/watch?v=EKh6qiAGDfA', 'display_url': 'm.youtube.com/watch?v=EKh6qi‚Ä¶', 'indices': [25, 48]}]"
"@WHO Say sorry to TAIWAN
https://t.co/ymbtzHSFMf",suNNieSaNi,Fri Apr 10 02:58:51 +0000 2020,"[{'url': 'https://t.co/ymbtzHSFMf', 'expanded_url': 'https://m.youtube.com/watch?v=EKh6qiAGDfA', 'display_url': 'm.youtube.com/watch?v=EKh6qi‚Ä¶', 'indices': [25, 48]}]"
"@WHO ‰∏ñÁïåÁöÑ„Å´‰∏≠Á´ã„Åß„Å™„Åë„Çå„Å∞„Å™„Çâ„Å™„ÅÑWHO„Åå„ÄÅ‰∏ñÁïå„ÅßÊúÄ„ÇÇÊ≠¶Êº¢ËÇ∫ÁÇéÂ∞Å„ÅòËæº„ÇÅ„Å´ÊàêÂäü„Åó„Å¶„ÅÑ„ÇãÂè∞Êπæ„Å∏ÊÉÖÂ†±Êèê‰æõ„ÇíÊãí„Åø„ÄÅ„Ç™„Éñ„Ç∂„Éº„Éê„Éº„Åß„ÅÆÂèÇÂä†„Åô„ÇâË™ç„ÇÅ„Å™„ÅÑ„ÄÇ
Êòé„Çâ„Åã„Å™‰∫∫Á®ÆÁöÑÂ∑ÆÂà•„Çí„Åó„Å¶„ÅÑ„Çã„ÅÆ„Å´„ÄÅ‰∫ãÂãôÂ±ÄÈï∑„Å∏„ÅÆÊâπÂà§„ÅØÈªí‰∫∫Â∑ÆÂà•„Å†„Å®Ë®Ä„Å£„Å¶„ÄÅÂè∞Êπæ„ÇíÊâπÂà§‚Ä¶ https://t.co/gxtcjNaBtt",zOFlwyKDhEHs2jy,Fri Apr 10 02:59:04 +0000 2020,"[{'url': 'https://t.co/gxtcjNaBtt', 'expanded_url': 'https://twitter.com/i/web/status/1248445363800829952', 'display_url': 'twitter.com/i/web/status/1‚Ä¶', 'indices': [117, 140]}]"
"RT @WHO: As we mark 100 days since the first case of what we now call #COVID19 now was notified to WHO, here is the timeline of key events‚Ä¶",theking_anand,Fri Apr 10 02:59:16 +0000 2020,[]
"RT @WHO: 6 April 2020: WHO updates advice on the use of masks during #COVID19

https://t.co/edk93lb48P",jorgeevictoria,Fri Apr 10 02:59:26 +0000 2020,"[{'url': 'https://t.co/edk93lb48P', 'expanded_url': 'https://twitter.com/WHO/status/1247628358265057280?s=20', 'display_url': 'twitter.com/WHO/status/124‚Ä¶', 'indices': [79, 102]}]"
"RT @WHO: ""Tomorrow marks 100 days since WHO was notified of the first cases of ‚Äúpneumonia with unknown cause‚Äù in #China.

It‚Äôs incredible t‚Ä¶",ArielBlocker,Fri Apr 10 02:59:32 +0000 2020,[]
"RT @WHO: We recommend 30 mins of activity a day for adults &amp; one hour a day for children. If your local guidelines allow it, go outside for‚Ä¶",gewig,Fri Apr 10 02:59:49 +0000 2020,[]
@WHO Chinese wHO,gupta_sonu,Fri Apr 10 02:59:51 +0000 2020,[]
@WHO WHO=Terrorist Organization. Your funding will be gone and hopefully your members imprisoned and executed. Asap.,JackDor06668830,Fri Apr 10 04:25:42 +0000 2020,[]
"RT @WHO: As we mark 100 days since the first case of what we now call #COVID19 now was notified to WHO, here is the timeline of key events‚Ä¶",DhillonPPS,Fri Apr 10 04:25:48 +0000 2020,[]
"RT @WHO: ""I support this proposal, and we are working with #CostaRica to finalize the details.
Poorer countries &amp; fragile economies stand t‚Ä¶",MiriamCronkhite,Fri Apr 10 04:25:50 +0000 2020,[]
@WHO,rahulshukla5858,Fri Apr 10 04:26:14 +0000 2020,[]
"@WHO 
‡§≠‡§æ‡§∞‡§§ ‡§ï‡•ã ‡§∏‡§≤‡§æ‡§π ‡§® ‡§¶‡•á ‡§ï‡§ø  ‡§ï‡•ç‡§Ø‡§æ ‡§ï‡§∞‡§®‡§æ ‡§π‡•à‡§Ç‡•§
‡§†‡•Ä‡§ï ‡§π‡•à‡§Ç, ‡§Æ‡•Å‡§∏‡§≤‡§Æ‡§æ‡§®‡•ã‡§Ç ‡§®‡•á ‡§π‡•Ä ‡§≠‡§æ‡§∞‡§§‡§Æ‡•á‡§Ç 30%‡§∏‡•á ‡§≠‡•Ä ‡§ú‡•ç‡§Ø‡§æ‡§¶‡§æ ‡§ï‡•á‡§∏ ‡§¨‡§¢‡§º‡§æ‡§è ‡§π‡•à‡§Ç ‡§î‡§∞ ‡§Ö‡§≠‡•Ä ‡§≠‡•Ä‚Ä¶ https://t.co/D1TJQYBLKC",Divyesh28021998,Fri Apr 10 04:26:24 +0000 2020,"[{'url': 'https://t.co/D1TJQYBLKC', 'expanded_url': 'https://twitter.com/i/web/status/1248467341756649473', 'display_url': 'twitter.com/i/web/status/1‚Ä¶', 'indices': [117, 140]}]"
"@WHO @DrMikeRyan @DrTedros https://t.co/Gl6BbF6dAQ
Indians condemn this pointers,as WHO backs üá®üá≥,on #Chinesevirus c‚Ä¶ https://t.co/Pm2zZpT4nJ",SaatySanatan,Fri Apr 10 04:26:26 +0000 2020,"[{'url': 'https://t.co/Gl6BbF6dAQ', 'expanded_url': 'https://www.jansatta.com/rajya/corona-virus-people-muslims-community-not-followed-lock-rules-went-read-fatiah/1373670/', 'display_url': 'jansatta.com/rajya/corona-v‚Ä¶', 'indices': [27, 50]}, {'url': 'https://t.co/Pm2zZpT4nJ', 'expanded_url': 'https://twitter.com/i/web/status/1248467352603123712', 'display_url': 'twitter.com/i/web/status/1‚Ä¶', 'indices': [117, 140]}]"
RT @WHO: FACT: Being able to hold your breath for 10 seconds or more without coughing or feeling discomfort DOES NOT mean you are free from‚Ä¶,NagalingamGuna1,Fri Apr 10 04:26:36 +0000 2020,[]
"RT @WHO: FACT: #COVID19 IS NOT transmitted through houseflies

#coronavirus #KnowTheFacts https://t.co/2SxM7Voofv",NagalingamGuna1,Fri Apr 10 04:26:41 +0000 2020,[]
"@WHO A big blunder done by WHO,you people had done regional discrimination as ur chief was part of Wuhan viruse,now‚Ä¶ https://t.co/ZupVEU7wsM",cloudy1253,Fri Apr 10 04:26:44 +0000 2020,"[{'url': 'https://t.co/ZupVEU7wsM', 'expanded_url': 'https://twitter.com/i/web/status/1248467426695495680', 'display_url': 'twitter.com/i/web/status/1‚Ä¶', 'indices': [117, 140]}]"
"RT @WHO: FACT: #5G mobile networks DO NOT spread #COVID19 

More: https://t.co/TdKoGmWrIr

#coronavirus #KnowTheFacts https://t.co/c56tToal‚Ä¶",NagalingamGuna1,Fri Apr 10 04:26:45 +0000 2020,"[{'url': 'https://t.co/TdKoGmWrIr', 'expanded_url': 'http://bit.ly/COVID19Mythbusters', 'display_url': 'bit.ly/COVID19Mythbus‚Ä¶', 'indices': [66, 89]}]"
@WHO This is w.h.o. It is not the World Health Organization but it is the CHO is China Health Organization.,BABLOOPASWAN8,Fri Apr 10 17:06:32 +0000 2020,[]
@WHO @DrTedros https://t.co/uyJy1tEFBc,TouatiAmine06,Fri Apr 10 17:06:33 +0000 2020,"[{'url': 'https://t.co/uyJy1tEFBc', 'expanded_url': 'https://youtu.be/2IQJY5SsJ64', 'display_url': 'youtu.be/2IQJY5SsJ64', 'indices': [15, 38]}]"
"RT @WHO: ""Unfortunately, this means the government of #DRC will not be able to declare an end to the #Ebola outbreak on Monday, as hoped. B‚Ä¶",NiliMajumder,Fri Apr 10 17:06:34 +0000 2020,[]
"RT @WHO: ""WHO is working with affected countries on strategies for gradually &amp; safely easing restrictions. Imp. factors to consider are tha‚Ä¶",claujisan,Fri Apr 10 17:06:37 +0000 2020,[]
"RT @WHO: ""At the same time, lifting restrictions too quickly could lead to a deadly resurgence. 

The way down can be as dangerous as the w‚Ä¶",claujisan,Fri Apr 10 17:06:42 +0000 2020,[]
"RT @WHO: ""Today I convened a meeting of the Emergency Committee on #Ebola in #DRC. After 52 days without a case, surveillance and response‚Ä¶",NiliMajumder,Fri Apr 10 17:06:46 +0000 2020,[]
"RT @WHO: ""I know that some countries are already planning the transition out of #StayHome restrictions.

WHO wants to see restrictions lift‚Ä¶",claujisan,Fri Apr 10 17:06:48 +0000 2020,[]
@WHO @DrTedros CCP is NOT in this together! They started it!,SkindogC,Fri Apr 10 17:06:51 +0000 2020,[]
"RT @WHO: ""Today I convened a meeting of the Emergency Committee on #Ebola in #DRC. After 52 days without a case, surveillance and response‚Ä¶",mariasstories,Fri Apr 10 17:07:09 +0000 2020,[]
RT @WHO: Media briefing on #COVID19 with @DrTedros. #coronavirus https://t.co/SBjaRtl0dh,ShineOfColors,Fri Apr 10 17:07:25 +0000 2020,"[{'url': 'https://t.co/SBjaRtl0dh', 'expanded_url': 'https://www.pscp.tv/w/cV82xTI2MTAyMHwxUGxLUW1RYlhPWktFaRKRL5vJpO-_FdSWOFD_SM4Neb6sq0PgS6TbKlAKFxs=', 'display_url': 'pscp.tv/w/cV82xTI2MTAy‚Ä¶', 'indices': [65, 88]}]"
RT @WHO: Media briefing on #COVID19 with @DrTedros. #coronavirus https://t.co/SBjaRtl0dh,embavenet,Fri Apr 10 17:48:18 +0000 2020,"[{'url': 'https://t.co/SBjaRtl0dh', 'expanded_url': 'https://www.pscp.tv/w/cV82xTI2MTAyMHwxUGxLUW1RYlhPWktFaRKRL5vJpO-_FdSWOFD_SM4Neb6sq0PgS6TbKlAKFxs=', 'display_url': 'pscp.tv/w/cV82xTI2MTAy‚Ä¶', 'indices': [65, 88]}]"
RT @WHO: WHO has issued interim guidance on infection prevention and control for the safe management of a dead body in the context of #COVI‚Ä¶,WPKat,Fri Apr 10 17:48:20 +0000 2020,[]
RT @WHO: Media briefing on #COVID19 with @DrTedros. #coronavirus https://t.co/SBjaRtl0dh,RicardoIbarraC,Fri Apr 10 17:48:26 +0000 2020,"[{'url': 'https://t.co/SBjaRtl0dh', 'expanded_url': 'https://www.pscp.tv/w/cV82xTI2MTAyMHwxUGxLUW1RYlhPWktFaRKRL5vJpO-_FdSWOFD_SM4Neb6sq0PgS6TbKlAKFxs=', 'display_url': 'pscp.tv/w/cV82xTI2MTAy‚Ä¶', 'indices': [65, 88]}]"
RT @WHO: Media briefing on #COVID19 with @DrTedros. #coronavirus https://t.co/SBjaRtl0dh,Garyare5,Fri Apr 10 17:48:27 +0000 2020,"[{'url': 'https://t.co/SBjaRtl0dh', 'expanded_url': 'https://www.pscp.tv/w/cV82xTI2MTAyMHwxUGxLUW1RYlhPWktFaRKRL5vJpO-_FdSWOFD_SM4Neb6sq0PgS6TbKlAKFxs=', 'display_url': 'pscp.tv/w/cV82xTI2MTAy‚Ä¶', 'indices': [65, 88]}]"
@WHO @WHOSEARO @WHOWPRO @WHOAFRO @WHO_Europe @WHOEMRO @pahowho You talk bollocks!!,paul_e4,Fri Apr 10 17:48:31 +0000 2020,[]
"RT @WHO: To date there is no evidence of persons having become infected from exposure to the bodies of persons who died from #COVID19

http‚Ä¶",ACOSTARU,Fri Apr 10 17:48:34 +0000 2020,[]
RT @WHO: WHO has issued interim guidance on infection prevention and control for the safe management of a dead body in the context of #COVI‚Ä¶,pjames870,Fri Apr 10 17:48:38 +0000 2020,[]
"RT @WHO: Family &amp; friends may view the body of their relative who died of #COVID19 after it has been prepared for burial.
‚ñ™Ô∏è Do not touch o‚Ä¶",siyamsmart2,Fri Apr 10 17:48:38 +0000 2020,[]
"RT @WHO: ""WHO is working with affected countries on strategies for gradually &amp; safely easing restrictions. Imp. factors to consider are tha‚Ä¶",lynne19691,Fri Apr 10 17:48:48 +0000 2020,[]
"RT @DrTedros: Just as health is not just the absence of disease, public health is not the absence of outbreaks. This is why we need univers‚Ä¶",TerKohoutova,Fri Apr 10 17:48:49 +0000 2020,[]
"RT @WHO: ""We are particularly concerned by the large numbers of infections reported among #healthworkers. 

In some countries there are rep‚Ä¶",Pol_alcala3,Fri Apr 10 17:51:46 +0000 2020,[]
"RT @WHO: ""Within üè•, common problems are the late recognition of #COVID19, or lack of training or inexperience in dealing with respiratory p‚Ä¶",rominalgama,Fri Apr 10 17:51:52 +0000 2020,[]
RT @WHO: WHO has issued interim guidance on infection prevention and control for the safe management of a dead body in the context of #COVI‚Ä¶,dnedohinmacek,Fri Apr 10 17:51:54 +0000 2020,[]
"RT @WHO: ""The evidence shows: when #healthworkers wear personal protective equipment (PPE) the right way, infections can be prevented. That‚Ä¶",rominalgama,Fri Apr 10 17:52:04 +0000 2020,[]
"@WHO @DrTedros Blah blah blah, you have over 90 000 deaths on your hands. You just let the virus spread. Resign it's the right thing to do.",Stargate_SA,Fri Apr 10 17:52:05 +0000 2020,[]
RT @WHO: Media briefing on #COVID19 with @DrTedros. #coronavirus https://t.co/SBjaRtl0dh,Allen58B,Fri Apr 10 17:52:07 +0000 2020,"[{'url': 'https://t.co/SBjaRtl0dh', 'expanded_url': 'https://www.pscp.tv/w/cV82xTI2MTAyMHwxUGxLUW1RYlhPWktFaRKRL5vJpO-_FdSWOFD_SM4Neb6sq0PgS6TbKlAKFxs=', 'display_url': 'pscp.tv/w/cV82xTI2MTAy‚Ä¶', 'indices': [65, 88]}]"
"RT @WHO: ""We are particularly concerned by the large numbers of infections reported among #healthworkers. 

In some countries there are rep‚Ä¶",ElPala9,Fri Apr 10 17:52:14 +0000 2020,[]
"RT @WHO: ""We are particularly concerned by the large numbers of infections reported among #healthworkers. 

In some countries there are rep‚Ä¶",svalverg,Fri Apr 10 17:52:17 +0000 2020,[]
RT @WHO: WHO has issued interim guidance on infection prevention and control for the safe management of a dead body in the context of #COVI‚Ä¶,cassieleewrites,Fri Apr 10 17:52:27 +0000 2020,[]
RT @WHO: Media briefing on #COVID19 with @DrTedros. #coronavirus https://t.co/SBjaRtl0dh,luisillotc,Fri Apr 10 17:52:29 +0000 2020,"[{'url': 'https://t.co/SBjaRtl0dh', 'expanded_url': 'https://www.pscp.tv/w/cV82xTI2MTAyMHwxUGxLUW1RYlhPWktFaRKRL5vJpO-_FdSWOFD_SM4Neb6sq0PgS6TbKlAKFxs=', 'display_url': 'pscp.tv/w/cV82xTI2MTAy‚Ä¶', 'indices': [65, 88]}]"
RT @WHO: WHO has issued interim guidance on infection prevention and control for the safe management of a dead body in the context of #COVI‚Ä¶,Antonio01201223,Fri Apr 10 18:16:30 +0000 2020,[]
"RT @WHO: ""Many countries have put in place very restrictive measures of physical distancing. These include closing borders, declaration of‚Ä¶",Lior_Brownstein,Fri Apr 10 18:16:30 +0000 2020,[]
RT @WHO: WHO has issued interim guidance on infection prevention and control for the safe management of a dead body in the context of #COVI‚Ä¶,agentsmith247,Fri Apr 10 18:16:31 +0000 2020,[]
"RT @WHO: ""In this time of crisis, these unprecedented measures are motivated by the desire to protect their populations by reducing the spr‚Ä¶",Lior_Brownstein,Fri Apr 10 18:16:37 +0000 2020,[]
@WHO @WHOEMRO @WHO_Europe @WHOSEARO @WHOWPRO @WHOAFRO @pahowho @DrTedros just accept you messed  up BIG TIME. another useless bureaucracy,KamiKx123,Fri Apr 10 18:16:40 +0000 2020,[]
"RT @WHO: ""In implementing these measures, there is a need to respect human rights &amp; dignity, as provided by the Intel Health Regulations, b‚Ä¶",Lior_Brownstein,Fri Apr 10 18:16:45 +0000 2020,[]
"RT @WHO: ""Governments should be transparent with their populations, inform them regularly on how measures are being implemented and on the‚Ä¶",Lior_Brownstein,Fri Apr 10 18:16:52 +0000 2020,[]
"RT @WHO: ""We are particularly concerned by the large numbers of infections reported among #healthworkers. 

In some countries there are rep‚Ä¶",XxX67546237,Fri Apr 10 18:16:52 +0000 2020,[]
"RT @WHO: ""It is critical that governments reassure the population that once the crisis is over, such measures will be discontinued and life‚Ä¶",Lior_Brownstein,Fri Apr 10 18:16:59 +0000 2020,[]
"RT @WHO: ""Countries have to protect &amp; support the elderly, refugees &amp; other vulnerable groups. We‚Äôre esp concerned by reports of an increas‚Ä¶",Lior_Brownstein,Fri Apr 10 18:17:05 +0000 2020,[]
