Tweets,len,ID,Date,Source,Likes,RTs
https://t.co/fiorkR8wtn,23,1247656256741019654,2020-04-07 22:43:26,Twitter for iPhone,49565,10308
https://t.co/nyajxA52Fs,23,1247656321115185154,2020-04-07 22:43:41,Twitter for iPhone,50805,10921
‚ÄúThe number of New Yorkers admitted to hospitals has dropped.‚Äù @ainsleyearhardt @foxandfriends  Good news!,106,1247858593740832772,2020-04-08 12:07:27,Twitter for iPhone,118137,20787
Republicans should fight very hard when it comes to state wide mail-in voting. Democrats are clamoring for it. Trem‚Ä¶ https://t.co/3ui9R3mQ7B,140,1247861952736526336,2020-04-08 12:20:48,Twitter for iPhone,145637,41750
RT @AP: The last restrictions on movement have been lifted in the central Chinese city where the coronavirus pandemic began. People are goi‚Ä¶,140,1247863254526951425,2020-04-08 12:25:58,Twitter for iPhone,0,5174
"RT @AFP: Voicing joy and excitement from behind face masks, tens of thousands of people flee Wuhan after a 76-day travel ban is lifted on t‚Ä¶",140,1247863325599432704,2020-04-08 12:26:15,Twitter for iPhone,0,5042
Will be immediately sending 100 Ventilators to Colorado at the request of Senator Gardner! https://t.co/Nj4EPxfZl6,114,1247868300647968771,2020-04-08 12:46:01,Twitter for iPhone,69126,14282
The Radical Left Democrats have gone absolutely crazy that I am doing daily Presidential News Conferences. They act‚Ä¶ https://t.co/9Lbv3JWTsr,140,1247897589996908545,2020-04-08 14:42:24,Twitter for iPhone,126197,27641
"...the Fake News Media into not covering them, but that effort failed because the ratings are through the roof acco‚Ä¶ https://t.co/SPIB1hCa8r",140,1247897591611682818,2020-04-08 14:42:25,Twitter for iPhone,73366,15862
"Once we OPEN UP OUR GREAT COUNTRY, and it will be sooner rather than later, the horror of the Invisible Enemy, exce‚Ä¶ https://t.co/twqNfJBWkM",140,1247900240155295745,2020-04-08 14:52:56,Twitter for iPhone,216302,39315
FLATTENING OF THE CURVE!,24,1247908643527409665,2020-04-08 15:26:20,Twitter for iPhone,239533,34092
"Bernie Sanders is OUT! Thank you to Elizabeth Warren. If not for her, Bernie would have won almost every state on S‚Ä¶ https://t.co/0GM0NuY2n8",140,1247914464319504385,2020-04-08 15:49:28,Twitter for iPhone,289935,57898
"Wow, Bernie is unwilling to give up his delegates, and wants more of them! What‚Äôs that all about?",97,1247919539809128451,2020-04-08 16:09:38,Twitter for iPhone,144016,24894
Can‚Äôt see AOC plus 3 supporting Sleepy Joe!,43,1247920239045681159,2020-04-08 16:12:24,Twitter for iPhone,128864,20879
Extraordinary times require even closer cooperation between friends. Thank you India and the Indian people for the‚Ä¶ https://t.co/aDMD5VmPa8,139,1247950299408498693,2020-04-08 18:11:51,Twitter for iPhone,452183,110611
White House news conference at 5:30 P.M. Eastern. Thank you!,60,1247986878307078150,2020-04-08 20:37:12,Twitter for iPhone,89897,13688
"Wishing a HAPPY PASSOVER to those celebrating in the United States, Israel, and around the world! https://t.co/83odnD9yvh",121,1247990240536678402,2020-04-08 20:50:34,Twitter for iPhone,105800,22265
RT @WhiteHouse: LIVE: Press Briefing with Coronavirus Task Force https://t.co/jgENbi406M,88,1248004556434235393,2020-04-08 21:47:27,Twitter for iPhone,0,6879
https://t.co/DKY3UPeyak,23,1248020003615457281,2020-04-08 22:48:50,Twitter for iPhone,57551,12593
"RT @WhiteHouse: To date, we've shipped out more than 8,000 ventilators, have an additional 10,000 ready to go, and 2,200 more will be avail‚Ä¶",140,1248022702390235140,2020-04-08 22:59:34,Twitter for iPhone,0,11292
"This morning, 450,000 protective suits landed in Dallas, Texas. This was made possible because of the partnership o‚Ä¶ https://t.co/24aXfmz6vG",140,1248026598860881921,2020-04-08 23:15:03,Twitter for iPhone,99808,20959
"Absentee Ballots are a great way to vote for the many senior citizens, military, and others who can‚Äôt get to the po‚Ä¶ https://t.co/AiTPROOsHu",140,1248031484532928514,2020-04-08 23:34:27,Twitter for iPhone,199695,50471
.@OANN  A key CoronaVirus Model is now predicting far fewer deaths than the number shown in earlier models. That‚Äôs‚Ä¶ https://t.co/7iyJxbA6BX,139,1248266439582244866,2020-04-09 15:08:05,Twitter for iPhone,183801,31411
"On National Former Prisoner of War Recognition Day, we honor the more than 500,000 American warriors captured while‚Ä¶ https://t.co/tTpsFGzREf",140,1248277475928530946,2020-04-09 15:51:56,Twitter for iPhone,89510,22087
Great News: Prime Minister Boris Johnson has just been moved out of Intensive Care. Get well Boris!!!,101,1248319601647247361,2020-04-09 18:39:20,Twitter for iPhone,447010,54688
The Wall Street Journal always ‚Äúforgets‚Äù to mention that the ratings for the White House Press Briefings are ‚Äúthrou‚Ä¶ https://t.co/nz1j7iy8K7,140,1248333612212195328,2020-04-09 19:35:00,Twitter for iPhone,133194,28838
RT @WhiteHouse: LIVE: Press Briefing with Coronavirus Task Force https://t.co/38GuIW79Gh,88,1248376066143481862,2020-04-09 22:23:42,Twitter for iPhone,0,5808
RT @WhiteHouse: Our great American medical system continues to go above and beyond the call of duty. üá∫üá∏ https://t.co/g1MrRG8HYl,127,1248395435107999748,2020-04-09 23:40:40,Twitter for iPhone,0,5838
"RT @WhiteHouse: ""Let me begin by expressing my sincere gratitude to the American people. Millions of Americans are making profound and diff‚Ä¶",140,1248395480700051457,2020-04-09 23:40:51,Twitter for iPhone,0,8410
RT @WhiteHouse: Project Air Bridge‚Äîa sweeping operation to keep doctors and nurses supplied with protective equipment‚Äîhas completed more th‚Ä¶,140,1248395551441182724,2020-04-09 23:41:08,Twitter for iPhone,0,7506
"I have directed @SecretarySonny to expedite help to our farmers, especially to the smaller farmers who are hurting‚Ä¶ https://t.co/Kth5WEVEIG",139,1248410989306859520,2020-04-10 00:42:28,Twitter for iPhone,117971,22978
"....We will always be there for our Great Farmers, Cattlemen, Ranchers, and Producers!",86,1248410991437611010,2020-04-10 00:42:29,Twitter for iPhone,75184,12663
"RT @USACE_NY: The New York District, in conjunction with state, federal and local partners, is constructing an alternate care facility for‚Ä¶",139,1248467495091965953,2020-04-10 04:27:00,Twitter for iPhone,0,2060
RT @USACE_NY: Time-lapse footage shows efforts to convert sites at SUNY Old Westbury into an alternate care facility.1020 beds for various‚Ä¶,139,1248467612767412228,2020-04-10 04:27:28,Twitter for iPhone,0,2099
"RT @realDonaldTrump: This morning, 450,000 protective suits landed in Dallas, Texas. This was made possible because of the partnership of t‚Ä¶",140,1248467731055120387,2020-04-10 04:27:57,Twitter for iPhone,0,20959
"RT @NJNationalGuard: NJ National Guard aids in medical care: Col. Stephen McKenzie, a physician assistant with Joint Task Force-57 (JTF-57)‚Ä¶",140,1248467807018205184,2020-04-10 04:28:15,Twitter for iPhone,0,2016
"RT @fema: We're working with partners to get medical supplies where they are needed by:

üîπ Making the best use of supplies at hand
üîπ Identi‚Ä¶",140,1248467959376310275,2020-04-10 04:28:51,Twitter for iPhone,0,1928
"RT @USACEHQ: Fernanda Brooks, Navy Facilities Mid-Atlantic architect, assists Wayne Miller, @norfolkdistrict structural engineer, in a site‚Ä¶",140,1248467975868264448,2020-04-10 04:28:55,Twitter for iPhone,0,1736
"RT @UPS_News: FEMA‚ÄôS ‚ÄòProject Airbridge‚Äô Takes Flight With 25 @UPS Charter Flights, Dedicated @FEMA Distribution Center  - https://t.co/Tmi‚Ä¶",140,1248468279615557633,2020-04-10 04:30:07,Twitter for iPhone,0,1947
"RT @FEMA_Pete: Multiple #ProjectAirBridge flights arrived in Chicago, IL today &amp; included:
 
‚Ä¢ 49M+ gloves
‚Ä¢ 507k+ gowns
‚Ä¢ 8.7M+ masks
 
Th‚Ä¶",144,1248468373370843139,2020-04-10 04:30:30,Twitter for iPhone,0,2496
RT @DHS_Wolf: An international cargo plane landed at Louisville International Airport with crucial medical supplies destined for critical l‚Ä¶,140,1248468490819751940,2020-04-10 04:30:58,Twitter for iPhone,0,2408
"RT @USNavy: Superheroes exist in real life, for we walk among them! 

Shout out to all the dedicated health professionals and Sailors acros‚Ä¶",140,1248468735041527809,2020-04-10 04:31:56,Twitter for iPhone,0,4759
RT @Scavino45: https://t.co/Ge6pvUufNB,38,1248468797796696065,2020-04-10 04:32:11,Twitter for iPhone,0,4282
RT @Scavino45: https://t.co/V4dAJ4RKfy,38,1248468993947488256,2020-04-10 04:32:58,Twitter for iPhone,0,5832
RT @Jim_Jordan: New transcripts show that James Comey‚Äôs FBI sought dirt on the Trump Campaign less than TWO WEEKS before the 2016 election.‚Ä¶,140,1248469740101595136,2020-04-10 04:35:56,Twitter for iPhone,0,17813
"RT @realDonaldTrump: On National Former Prisoner of War Recognition Day, we honor the more than 500,000 American warriors captured while pr‚Ä¶",140,1248469834054000640,2020-04-10 04:36:18,Twitter for iPhone,0,22087
RT @realDonaldTrump: Great News: Prime Minister Boris Johnson has just been moved out of Intensive Care. Get well Boris!!!,122,1248469925208842240,2020-04-10 04:36:40,Twitter for iPhone,0,54688
RT @realDonaldTrump: The Wall Street Journal always ‚Äúforgets‚Äù to mention that the ratings for the White House Press Briefings are ‚Äúthrough‚Ä¶,139,1248469933874237440,2020-04-10 04:36:42,Twitter for iPhone,0,28838
"RT @Jim_Jordan: Chuck Schumer will never pass up an opportunity to play partisan games.
https://t.co/SrMlN4MR7X",111,1248469991092965376,2020-04-10 04:36:55,Twitter for iPhone,0,13079
Thank you Erin! https://t.co/m8HRlK6VCY,39,1248472226711531529,2020-04-10 04:45:48,Twitter for iPhone,56750,10200
RT @GOPconvention: ‚ÄúThe Republican Convention is going to be such a benefit for the city. It‚Äôs going to show everyone around the world that‚Ä¶,140,1248472366994173952,2020-04-10 04:46:22,Twitter for iPhone,0,3725
"RT @BenGoldey: President @realDonaldTrump just announced: ‚ÄúStudent loan payments have been waived for 6 months, and we'll discuss it after‚Ä¶",139,1248472476964646913,2020-04-10 04:46:48,Twitter for iPhone,0,8239
"RT @FLOTUS: Today I joined @POTUS, @VP, &amp; @SecondLady on a call w Mental Health Professionals. Americans are enduring many hardships becaus‚Ä¶",144,1248472580358418434,2020-04-10 04:47:13,Twitter for iPhone,0,10508
"RT @ErinMPerrine: 100% mail in voting is ripe for fraud. States should maintain the responsibility for their voting laws.

Democrats want t‚Ä¶",140,1248472868381274118,2020-04-10 04:48:21,Twitter for iPhone,0,5947
"RT @Surabees: Just like @CNN did earlier today, here's @nytimes once again changing a headline to protect their close personal friends in t‚Ä¶",140,1248473431512768512,2020-04-10 04:50:36,Twitter for iPhone,0,5645
RT @MZanona: House Minority Leader Kevin McCarthy said it's ‚Äúdisgusting‚Äù that Dems are pushing to include money for mail-in voting in the n‚Ä¶,140,1248473668327313414,2020-04-10 04:51:32,Twitter for iPhone,0,5486
RT @JuddPDeere45: .@realDonaldTrump and @senatemajldr are fighting to help small businesses across this country. #COVID19 #AmericaWorksToge‚Ä¶,140,1248474211187707904,2020-04-10 04:53:42,Twitter for iPhone,0,3884
Thank you Frank. It‚Äôs ABC Fake News. They knew they were wrong when they went with this Hoax of a story! https://t.co/FHkRaW3BTi,128,1248474879227097094,2020-04-10 04:56:21,Twitter for iPhone,66334,18576
Tim Scott is Great! https://t.co/O1Aivbc2yG,43,1248475288171761671,2020-04-10 04:57:58,Twitter for iPhone,40265,10514
RT @AndrewHClark: Slow slow Sleepy Joe https://t.co/Fuoki6vGYO,62,1248475348263526400,2020-04-10 04:58:13,Twitter for iPhone,0,4140
"RT @CNBCnow: BREAKING: Democrats block McConnell‚Äôs effort to get unanimous support for $250 billion in additional small business aid 
https‚Ä¶",140,1248475405033418754,2020-04-10 04:58:26,Twitter for iPhone,0,7901
"RT @FLOTUS: As the CDC continues to study the spread of the COVID-19, they recommend people wear cloth face coverings in public settings wh‚Ä¶",140,1248475906001125379,2020-04-10 05:00:26,Twitter for iPhone,0,15097
RT @TeamTrump: Team Trump Communications Director @TimMurtaugh on how important the #PaycheckProtectionProgram is for American Small Busine‚Ä¶,140,1248475940176285696,2020-04-10 05:00:34,Twitter for iPhone,0,3825
RT @ErinMPerrine: Dem establishment got the candidate they wanted with Biden &amp; his policies are right in line w/ Socialist Bernie -- BAD FO‚Ä¶,144,1248476115879907330,2020-04-10 05:01:16,Twitter for iPhone,0,4308
"RT @LizRNC: AG Barr on Durham probe:

""He is looking to bring to justice people who were engaged in abuses if he can show that they were cr‚Ä¶",140,1248476931000954887,2020-04-10 05:04:30,Twitter for iPhone,0,8119
"RT @FrancisBrennan: What is Joe Biden doing with his hand here?

It looks like Biden‚Äôs teleprompter went down during his coronavirus press‚Ä¶",139,1248476961933938688,2020-04-10 05:04:37,Twitter for iPhone,0,4520
RT @FrancisBrennan: ‚ÄúTrump Campaign: The President Will Destroy Biden in November‚Äù https://t.co/wOLQ1roYzk,106,1248477048042999808,2020-04-10 05:04:58,Twitter for iPhone,0,3975
"RT @GaryCoby: Trump vs Establishment - Part 2!

#SleepyJoe Loves...
‚úÖ China
‚úÖ Open Borders
‚úÖ Free Healthcare for Illegals
‚úÖ Big Government‚Ä¶",139,1248477225327808515,2020-04-10 05:05:40,Twitter for iPhone,0,4632
"RT @parscale: The @TeamTrump online campaign is üî•üî•üî•!

Since going all-virtual March 13:

‚ùóÔ∏è276K NEW volunteers
‚ùóÔ∏è13,347,694 volunteer calls‚Ä¶",140,1248477319527718912,2020-04-10 05:06:03,Twitter for iPhone,0,9773
"RT @TeamTrump: Secretary of State @mikepompeo announces that the State Department has repatriated 50,000 Americans! https://t.co/iWHLL2pHHd",139,1248477355284152325,2020-04-10 05:06:11,Twitter for iPhone,0,5269
"RT @CLH45: ""Our goal is - first, second and third - to get relief to people who need it, quickly. So, we're trying to do it as swiftly as p‚Ä¶",140,1248477968835301376,2020-04-10 05:08:38,Twitter for iPhone,0,5242
RT @TeamTrump: MUST READ op-ed from @LizRNC: Isn‚Äôt it strange how every Democrat proposal for voting during a pandemic is exactly what Demo‚Ä¶,140,1248478055992946689,2020-04-10 05:08:58,Twitter for iPhone,0,7038
"RT @TommyHicksGOP: ‚ÄúPresident Trump‚Äôs campaign remains at the forefront of digital campaigning and engagement‚Ä¶Sleepy Joe‚Äôs broadcasts, whic‚Ä¶",140,1248478219096842241,2020-04-10 05:09:37,Twitter for iPhone,0,4801
RT @searcyroger52: @IngrahamAngle if you continue to have loud mouth low IQ Chris Hahn on your show you‚Äôre going to loose me and many other‚Ä¶,140,1248479591947108352,2020-04-10 05:15:05,Twitter for iPhone,0,5585
"RT @BBCBreaking: Prime Minister Boris Johnson has been moved out of intensive care but remains in hospital, Downing Street says https://t.c‚Ä¶",140,1248479801033125890,2020-04-10 05:15:54,Twitter for iPhone,0,9230
RT @KimStrassel: Pelosi holds up small business: Democrats may let a new relief program run out of money.  https://t.co/2nihHg8DQw via @WSJ,139,1248480137365970945,2020-04-10 05:17:15,Twitter for iPhone,0,12384
RT @KimStrassel: Bernie Sanders gives up on the nomination but is determined to force Joe Biden leftward‚Äîmaking him unelectable in the proc‚Ä¶,140,1248480517634183168,2020-04-10 05:18:45,Twitter for iPhone,0,6819
RT @KimStrassel: The World Health Organization‚Äôs bows to China have harmed the global response to the coronavirus.  https://t.co/uC0kgXFCK9‚Ä¶,140,1248480650199306242,2020-04-10 05:19:17,Twitter for iPhone,0,10924
"This week, in only 4 days, we had the biggest Stock Market increase since 1974. We have a great chance for the real‚Ä¶ https://t.co/czvHUd1jux",140,1248574029289619458,2020-04-10 11:30:20,Twitter for iPhone,217243,35676
Democrats are blocking a 251 Billion Dollar funding boost for Small Businesses which will help them keep their empl‚Ä¶ https://t.co/ashxJ7mPAU,140,1248574557616779264,2020-04-10 11:32:26,Twitter for iPhone,113614,31272
"Congress must go back to DEDUCTIBILITY by businesses if Restaurants, Clubs &amp; Entertaiment is expected to flourish (like never before)!",138,1248578583225872385,2020-04-10 11:48:26,Twitter for iPhone,74918,16019
RT @cybergenica: Macron faces calls to allow wider use hydroxychloroquine in coronavirus fight: report https://t.co/APZk7159k0 #FoxNews #CN‚Ä¶,140,1248586394311761920,2020-04-10 12:19:28,Twitter for iPhone,0,5845
RT @cybergenica: Trump vows coronavirus-ravaged economy will 'bounce' back https://t.co/6r0LJknEY5 #FoxNews #CNN #MSNBC,119,1248586447231299584,2020-04-10 12:19:41,Twitter for iPhone,0,4964
RT @cybergenica: AG William Barr on the Russia investigation: 'There's something far more troubling here' https://t.co/l9pwO7PCYZ #FoxNews‚Ä¶,139,1248586592777797632,2020-04-10 12:20:15,Twitter for iPhone,0,7855
RT @realDailyWire: Fauci: We‚Äôre On Track For More ‚ÄòNormal‚Äô Summer; Mnuchin: Likely To Begin ‚ÄòReopening‚Äô In May https://t.co/uGVesET2cr http‚Ä¶,140,1248587444808712192,2020-04-10 12:23:39,Twitter for iPhone,0,5102
"RT @Thaun84: @realDailyWire If Trump is tied with Biden, it probably actually means he is 10 points ahead.",106,1248588594991824897,2020-04-10 12:28:13,Twitter for iPhone,0,4069
"RT @zeusFanHouse: #Trump #Coronavirus Campaign Ad Features Joe Biden Cheerleading for China

‚ÄúDuring America‚Äôs #crisis,Biden protected #Chi‚Ä¶",140,1248589007329595392,2020-04-10 12:29:51,Twitter for iPhone,0,10354
RT @THE_REDLILY: @EM_KA_17 @senatemajldr THEY ARE EVIL PEOPLE PERIOD‚ÄºÔ∏è https://t.co/Nr4TSxcPSp,94,1248589058722406400,2020-04-10 12:30:03,Twitter for iPhone,0,5701
RT @Sedona4ProLife: @realDailyWire Can't beat Trump! https://t.co/uEQ1hmCj1a,76,1248589607043846144,2020-04-10 12:32:14,Twitter for iPhone,0,5319
RT @GreggJarrett: Coronavirus Crisis ‚Äì Americans Fear the Lockdown More Than The Virus https://t.co/hVDzBPypAQ,110,1248590177259446277,2020-04-10 12:34:30,Twitter for iPhone,0,7876
"Not good Gregg, but it is what it is. Have to save the airlines! https://t.co/AeaiLCO9pg",88,1248590616151367686,2020-04-10 12:36:15,Twitter for iPhone,44418,9994
"RT @SaraCarterDC: Former Flynn Defense Counsel Covington and Burling 'just now found additional docs' In Flynn File - Sara A. Carter

‚ÄúWe a‚Ä¶",140,1248590878870065152,2020-04-10 12:37:17,Twitter for iPhone,0,14172
"RT @SaraCarterDC: WHO Director Says Politicizing COVID19 Leads To 'body bags,' But He Was Accused Of Covering Up Epidemics In Ethiopia

 ht‚Ä¶",140,1248590947019096064,2020-04-10 12:37:34,Twitter for iPhone,0,14831
RT @SenTomCotton: Very grateful for the people of Vietnam and their generosity during this time. Thank you!,107,1248591187893772290,2020-04-10 12:38:31,Twitter for iPhone,0,7737
RT @SenTomCotton: .@Max_Fisher claims‚Äîwithout evidence‚Äîthat I believe the China virus was ‚Äúproduced by a Chinese weapons lab.‚Äù He should ha‚Ä¶,140,1248591409743003650,2020-04-10 12:39:24,Twitter for iPhone,0,7506
"Wow, Approval Rating in the Republican Party - 96%. Thank you!",62,1248615335139262470,2020-04-10 14:14:28,Twitter for iPhone,218420,31123
HAPPY GOOD FRIDAY TO ALL!,25,1248619884688199682,2020-04-10 14:32:33,Twitter for iPhone,401121,50819
"The White House Press Conference will take place today at 1:00 P.M., recognizing that it is Good Friday!",104,1248620586663702530,2020-04-10 14:35:20,Twitter for iPhone,84151,16224
"Because the T.V. Ratings for the White House News Conference‚Äôs are the highest, the Opposition Party (Lamestream Me‚Ä¶ https://t.co/aDU9l8UQnu",140,1248620923248205824,2020-04-10 14:36:41,Twitter for iPhone,112045,25663
The Invisible Enemy will soon be in full retreat!,49,1248630671754563585,2020-04-10 15:15:25,Twitter for iPhone,440868,77347
RT @brithume: Barr on the right track here. Most in the media went in the other direction.  https://t.co/Wyd20ZABgF,115,1248631911456616448,2020-04-10 15:20:20,Twitter for iPhone,0,13845
RT @TomFitton: AG William Barr says Russia probe targeting @RealDonaldTrump was started 'without basis'. Where are the prosections? https:/‚Ä¶,140,1248632037839450113,2020-04-10 15:20:50,Twitter for iPhone,0,15731
RT @trish_regan: AG #Barr says he believes #Russia investigation into #PresTrump was started without basis &amp; effectively amounted to an eff‚Ä¶,144,1248632106135273473,2020-04-10 15:21:07,Twitter for iPhone,0,19972
"Nobody wants to say that if Elizabeth Warren gets out of the race before Super Tuesday, Crazy Bernie Sanders wins v‚Ä¶ https://t.co/NRcJmZAXLG",140,1248637403893583872,2020-04-10 15:42:10,Twitter for iPhone,118913,22870
https://t.co/HGD0GHUOjt,23,1248653185969016833,2020-04-10 16:44:53,Twitter for iPhone,96254,25255
RT @WhiteHouse: LIVE: Press Briefing with Coronavirus Task Force https://t.co/OtJWAa9yHo,88,1248670360507121665,2020-04-10 17:53:07,Twitter for iPhone,0,8419
RT @WhiteHouse: The data is clear: Our collective national effort is saving many lives. Keep up the fight! https://t.co/MMk1BpwDpg,130,1248716207311773702,2020-04-10 20:55:18,Twitter for iPhone,0,8878
"RT @WhiteHouse: This Sunday, millions of Christians will celebrate Easter. 

""At this holy time, we pray that God will heal the sick and co‚Ä¶",140,1248716218867101696,2020-04-10 20:55:21,Twitter for iPhone,0,16910
"RT @WhiteHouse: In response to the virus, the American people have launched the greatest mobilization of our society since World War II. üá∫üá∏‚Ä¶",140,1248716255001030656,2020-04-10 20:55:29,Twitter for iPhone,0,12373
"‚ÄúTrump did a deal with Japan. A lot of our product goes to Japan, and we are booming in North Dakota.‚Äù Jim on C Spa‚Ä¶ https://t.co/U0th7LKMyz",140,1249004689322053633,2020-04-11 16:01:37,Twitter for iPhone,122949,24182
"‚ÄúI think the situation is unprecedented, and there is no question about that. It‚Äôs whiplash! The economy was moving‚Ä¶ https://t.co/OeCrXErZkO",140,1249042796151017472,2020-04-11 18:33:03,Twitter for iPhone,97813,19421
"....economy was shuttered. This is unprecedented, it is unsettling and challenging but, we will rise to meet the oc‚Ä¶ https://t.co/0nYuRdYfTy",140,1249042799162515457,2020-04-11 18:33:04,Twitter for iPhone,71147,14512
"When the Failing @nytimes or Amazon @washingtonpost writes a story saying ‚Äúunnamed sources said‚Äù, or any such phras‚Ä¶ https://t.co/1HAXGWhJMZ",140,1249045314994081795,2020-04-11 18:43:03,Twitter for iPhone,120960,32018
....Does anyone ever notice how few quotes from an actual person are given nowadays by the Lamestream Media. Very s‚Ä¶ https://t.co/2XV1LdLJLY,140,1249046469618864131,2020-04-11 18:47:39,Twitter for iPhone,138764,29183
WE WILL BUILD IT AGAIN!,23,1249048063618043906,2020-04-11 18:53:59,Twitter for iPhone,430140,61293
Wishing all a safe and blessed Easter Sunday. I will be tuning into Pastor @robertjeffress at‚Ä¶ https://t.co/DhNE8PHIGk,118,1249081971604631554,2020-04-11 21:08:43,Twitter for iPhone,55449,13942
Great editorial by @SenRonJohnson! https://t.co/hGmcwI4OSe,58,1249089038499426304,2020-04-11 21:36:48,Twitter for iPhone,37216,11507
‚ÄúThe President and the Federal Government are doing an excellent job. When they say the death toll isn‚Äôt going to b‚Ä¶ https://t.co/4lgwo8AQLc,140,1249092100236460033,2020-04-11 21:48:58,Twitter for iPhone,94329,19062
"Watching @FoxNews on weekend afternoons is a total waste of time. We now have some great alternatives, like @OANN.",114,1249093268920467457,2020-04-11 21:53:36,Twitter for iPhone,140259,34919
The Wall Street Journal Editorial Board doesn‚Äôt have a clue on how to fight and win. Their views on Tariffs &amp; Trade‚Ä¶ https://t.co/S8NNL1OBpd,144,1249103831994118146,2020-04-11 22:35:35,Twitter for iPhone,73582,17214
"RT @robertjeffress: Thank you, President @realDonaldTrump! We are honored to have you join us and are grateful for your strong leadership o‚Ä¶",140,1249104203118792705,2020-04-11 22:37:03,Twitter for iPhone,0,8942
"RT @robertjeffress: During our 152-year history in downtown Dallas Presidents Woodrow Wilson, Gerald Ford, &amp; George H. W. Bush have worship‚Ä¶",144,1249104247322554369,2020-04-11 22:37:14,Twitter for iPhone,0,9909
I will be watching. HAVE A GREAT EASTER! https://t.co/wCa7u6qSnl,64,1249104562935431168,2020-04-11 22:38:29,Twitter for iPhone,47935,11587
"Governor @GavinNewsom of California has been very nice &amp;  highly supportive about the great job we have done, worki‚Ä¶ https://t.co/X1BE6wUjSC",144,1249117097365508097,2020-04-11 23:28:18,Twitter for iPhone,80301,17171
"So now the Fake News @nytimes is tracing the CoronaVirus origins back to Europe, NOT China. This is a first! I wond‚Ä¶ https://t.co/4WO2qkEN51",140,1249118778404765696,2020-04-11 23:34:58,Twitter for iPhone,175722,43289
Will be interviewed by @JudgeJeanine tonight at 9:00 P.M. Eastern on @FoxNews! https://t.co/F83yVaxXab,102,1249123053180723200,2020-04-11 23:51:58,Twitter for iPhone,36965,8539
Mail in ballots substantially increases the risk of crime and VOTER FRAUD!,74,1249132374547464193,2020-04-12 00:29:00,Twitter for iPhone,207680,41781
RT @FLOTUS: It is a great honor to serve the people of this incredible country. üá∫üá∏ #InaugurationDay2017 https://t.co/4SEj2VBxXO,127,1249134160926707712,2020-04-12 00:36:06,Twitter for iPhone,0,22410
"RT @FLOTUS: On the eve of #Easter, let us remember the ones who lost their lives to COVID19. Please try to connect w/ family, friends &amp; lov‚Ä¶",144,1249134521636847616,2020-04-12 00:37:32,Twitter for iPhone,0,14955
RT @GOPLeader: Speaker Pelosi has said she is aware of 'no data as to why we need' more funding for Americans‚Äô paychecks. Anyone paying att‚Ä¶,140,1249134702537080833,2020-04-12 00:38:15,Twitter for iPhone,0,10788
Cryin‚ÄôChuck doesn‚Äôt have a clue. Couldn‚Äôt care less about the American Worker! https://t.co/eoXxXdn460,102,1249135225994719232,2020-04-12 00:40:20,Twitter for iPhone,66751,20082
RT @GOPLeader: The Paycheck Protection Program has been so successful for America‚Äôs small businesses that it is projected to run out of mon‚Ä¶,140,1249135432157335552,2020-04-12 00:41:09,Twitter for iPhone,0,9585
"RT @senatemajldr: Small business layoffs spiked 1,000% last month. 10% of the U.S. workforce is now jobless. This is no time for political‚Ä¶",139,1249135484833595392,2020-04-12 00:41:22,Twitter for iPhone,0,13077
"RT @HouseGOP: The #PaycheckProtectionProgram is a lifeline for small businesses on Main Street across America.
 
Congress must urgently pas‚Ä¶",140,1249135682011922433,2020-04-12 00:42:09,Twitter for iPhone,0,7532
"RT @MarioDB: What a great story. 

@AmericanAir has turned the Admirals Club at @iflymia into a mask-making factory! During a time of crisi‚Ä¶",140,1249135849134067713,2020-04-12 00:42:48,Twitter for iPhone,0,5884
"RT @SteveScalise: Let's be clear about what's going on:

Republicans are trying to replenish the Paycheck Protection Program before funds r‚Ä¶",140,1249136141112152064,2020-04-12 00:43:58,Twitter for iPhone,0,37318
https://t.co/b3fwPSkSCF,23,1249144850357903360,2020-04-12 01:18:34,Twitter for iPhone,60022,15669
HAPPY EASTER! https://t.co/UX5Bhm82H2,37,1249307795196952576,2020-04-12 12:06:04,Twitter for iPhone,271479,53054
RT @realDonaldTrump: Wishing all a safe and blessed Easter Sunday. I will be tuning into Pastor @robertjeffress at https://t.co/roBC6bOARn‚Ä¶,139,1249341655251062785,2020-04-12 14:20:36,Twitter for iPhone,0,13942
"A very good sign is that empty hospital beds are becoming more and more prevalent. We deployed 418 Doctors, Nurses‚Ä¶ https://t.co/yjCvNerv9H",139,1249341768157495296,2020-04-12 14:21:03,Twitter for iPhone,169755,31841
HAPPY EASTER!,13,1249341983702876161,2020-04-12 14:21:55,Twitter for iPhone,534155,62756
"Great businessman &amp; philanthropist Bernie Marcus, Co-Founder of Home Depot, said that Congress was too distracted b‚Ä¶ https://t.co/TSBYm9No2h",144,1249370410422095872,2020-04-12 16:14:52,Twitter for iPhone,144232,31567
https://t.co/wwjRRx4W0P,23,1249372453949898756,2020-04-12 16:22:59,Twitter for iPhone,43397,13238
https://t.co/ZawRDjsldB,23,1249372545037541376,2020-04-12 16:23:21,Twitter for iPhone,29338,9667
https://t.co/VfrOSwXoqU,23,1249372642454515712,2020-04-12 16:23:44,Twitter for iPhone,47062,15181
For the first time in history there is a fully signed Presidential Disaster Declaration for all 50 States. We are w‚Ä¶ https://t.co/vICVyPdTV1,140,1249418405951799309,2020-04-12 19:25:35,Twitter for iPhone,240120,42271
The big Oil Deal with OPEC Plus is done. This will save hundreds of thousands of energy jobs in the United States.‚Ä¶ https://t.co/EqYkBxU3AV,139,1249422044564992001,2020-04-12 19:40:03,Twitter for iPhone,164565,39719
"Just watched Mike Wallace wannabe, Chris Wallace, on @FoxNews. I am now convinced that he is even worse than Sleepy‚Ä¶ https://t.co/Mq2Y3kLQDX",140,1249424452477235200,2020-04-12 19:49:37,Twitter for iPhone,123144,30291
"If the Fake News Opposition Party is pushing, with all their might, the fact that President Trump ‚Äúignored early wa‚Ä¶ https://t.co/yUuIQ9i5Ef",140,1249437936539631616,2020-04-12 20:43:12,Twitter for iPhone,202651,49900
"The Opposition Party (Lamestream Media) and their partner, the Radical Left, Do Nothing Democrats, have put their p‚Ä¶ https://t.co/C8n1qkVZ2C",140,1249450614343507969,2020-04-12 21:33:34,Twitter for iPhone,113070,29551
"Governors, get your states testing programs &amp; apparatus perfected. Be ready, big things are happening. No excuses!‚Ä¶ https://t.co/KS7qPJ71l7",143,1249453028178001920,2020-04-12 21:43:10,Twitter for iPhone,158434,35388
"RT @ChuckRossDC: Scott Gottlieb says @WHO enabled China's obfuscation on coronavirus, and that it could have been containable had Beijing n‚Ä¶",140,1249461717094019072,2020-04-12 22:17:41,Twitter for iPhone,0,8138
"RT @ChuckRossDC: NEW: FBI Received Evidence Of Russian Disinformation In Steele Dossier

A Hill source adds: ""Schiff was slinging Russian d‚Ä¶",140,1249461905627983873,2020-04-12 22:18:26,Twitter for iPhone,0,9842
"RT @SaraCarterDC: FBI's 'central evidence' To Spy On Trump Campaign Was Russian Disinformation, Declassified IG Footnotes Reveal - 

‚Å¶@SenR‚Ä¶",140,1249462043230470144,2020-04-12 22:18:59,Twitter for iPhone,0,10317
RT @jsolomonReports: Read the explosive declassified footnotes from the Horowitz report revealing that the FBI was warned that Christopher‚Ä¶,139,1249462155360993280,2020-04-12 22:19:26,Twitter for iPhone,0,14413
Fake News! https://t.co/HzPQgbXgxX,34,1249462754257371137,2020-04-12 22:21:49,Twitter for iPhone,63156,16542
"RT @Amanda_Bril: The President's Easter message
""we hope all of you are filled with the joy, love, and hope that marks this holiest of days‚Ä¶",140,1249463304457781258,2020-04-12 22:24:00,Twitter for iPhone,0,7641
RT @OANN: Report: FBI hid details of Papadopoulos investigation from court https://t.co/NYnElqoZDL #OANN,104,1249463483890098176,2020-04-12 22:24:43,Twitter for iPhone,0,9375
"Sorry Fake News, it‚Äôs all on tape. I banned China long before people spoke up. Thank you @OANN https://t.co/d40JQkUZg5",118,1249470237726081030,2020-04-12 22:51:33,Twitter for iPhone,117104,36940
"RT @OANN: Report: Obama admin. repeatedly cut PPE stockpile, failed to replenish s... https://t.co/ikk9TKj85x #OANN",115,1249470633605574656,2020-04-12 22:53:07,Twitter for iPhone,0,12165
RT @realDonaldTrump: For the first time in history there is a fully signed Presidential Disaster Declaration for all 50 States. We are winn‚Ä¶,140,1249471421031616517,2020-04-12 22:56:15,Twitter for iPhone,0,42271
"RT @realDonaldTrump: If the Fake News Opposition Party is pushing, with all their might, the fact that President Trump ‚Äúignored early warni‚Ä¶",140,1249471491533611009,2020-04-12 22:56:32,Twitter for iPhone,0,49900
RT @realDonaldTrump: The big Oil Deal with OPEC Plus is done. This will save hundreds of thousands of energy jobs in the United States. I w‚Ä¶,140,1249471579219791873,2020-04-12 22:56:53,Twitter for iPhone,0,39719
"RT @realDonaldTrump: Governors, get your states testing programs &amp; apparatus perfected. Be ready, big things are happening. No excuses! The‚Ä¶",144,1249471739853180928,2020-04-12 22:57:31,Twitter for iPhone,0,35388
Great going Natalie! https://t.co/OldfyDdFRO,44,1249489574184747008,2020-04-13 00:08:23,Twitter for iPhone,76847,20055
"RT @ScottPresler: Georgia‚Äôs 6th District is flippable. 

This one‚Äôs for you, Cobb, Fulton, &amp; Dekalb Counties. 

https://t.co/08rPm4E2kv
#GA‚Ä¶",144,1249495927506821120,2020-04-13 00:33:38,Twitter for iPhone,0,7760
"RT @ScottPresler: Here‚Äôs an example of what I‚Äôm working on:

https://t.co/gBhemBhfHL

Virginia‚Äôs 2nd Congressional District is flippable.
#‚Ä¶",140,1249496277743796227,2020-04-13 00:35:01,Twitter for iPhone,0,7727
"RT @ScottPresler: Ladies &amp; gentlemen, 

I present to you: The democrat presidential candidate. 

‚ÄúWe have never, never let our democracy sa‚Ä¶",144,1249496654979440643,2020-04-13 00:36:31,Twitter for iPhone,0,11159
I look forward to it also! https://t.co/IGZLBgJnn2,50,1249497171403120642,2020-04-13 00:38:34,Twitter for iPhone,105305,20129
"RT @AnthemRespect: If you‚Äôre an Independent or Moderate Democrat...

...never forget that while Democrat Party leaders are fighting hard fo‚Ä¶",140,1249497643308498947,2020-04-13 00:40:27,Twitter for iPhone,0,16713
RT @AnthemRespect: @Lrihendry @NatalieJHarp @PlaysTrumpCard @ROHLL5 @bfraser747 @oUSA_JEDIo @polishprincessh @flightcrew @IamAllOutOfGum @T‚Ä¶,140,1249499330823757824,2020-04-13 00:47:09,Twitter for iPhone,0,7205
Thank you! https://t.co/z8dgzQxkVC,34,1249499469202292741,2020-04-13 00:47:42,Twitter for iPhone,82500,17599
Thank you Paris! https://t.co/hDUppWgIXA,40,1249500443782320129,2020-04-13 00:51:35,Twitter for iPhone,55999,11730
RT @David_Bossie: New digital ad up in battleground states today highlighting @realDonaldTrump strong leadership combating the coronavirus‚Ä¶,139,1249500761505124352,2020-04-13 00:52:50,Twitter for iPhone,0,11456
"RT @DavidJUrban: @HillaryClinton said she would ""‚Äãput a lot of coal miners out of jobs"" now @JoeBiden says the same thing to the hardworkin‚Ä¶",140,1249500967906824194,2020-04-13 00:53:40,Twitter for iPhone,0,12329
RT @CLewandowski_: Fox News Poll: Trump job approval hits new high as voters rally during crisis. Eighty-nine percent of Republicans approv‚Ä¶,140,1249501066393260032,2020-04-13 00:54:03,Twitter for iPhone,0,13346
RT @CLewandowski_: US House hopeful Mowers raised $354K in first quarter; campaign says it‚Äôs a primary record for a GOP candidate in NH. We‚Ä¶,140,1249501370199289858,2020-04-13 00:55:15,Twitter for iPhone,0,11560
"I am working hard to expose the corruption and dishonesty in the Lamestream Media. That part is easy, the hard part is WHY?",123,1249506799532867585,2020-04-13 01:16:50,Twitter for iPhone,375403,71937
"The @nytimes story is a Fake, just like the ‚Äúpaper‚Äù itself. I was criticized for moving too fast when I issued the‚Ä¶ https://t.co/ug2EiorLue",139,1249519742093864961,2020-04-13 02:08:16,Twitter for iPhone,124961,29437
"Having been involved in the negotiations, to put it mildly, the number that OPEC+ is looking to cut is 20 Million B‚Ä¶ https://t.co/5dIWIPpIoE",140,1249691637040795654,2020-04-13 13:31:19,Twitter for iPhone,109972,23132
"....disaster, the Energy Industry will be strong again, far faster than currently anticipated. Thank you to all of‚Ä¶ https://t.co/MqfjwrcKax",139,1249691642975727616,2020-04-13 13:31:20,Twitter for iPhone,81549,16752
"For the purpose of creating conflict and confusion, some in the Fake News Media are saying that it is the Governors‚Ä¶ https://t.co/NzJwzznOyo",140,1249712404260421633,2020-04-13 14:53:50,Twitter for iPhone,153486,35437
"....It is the decision of the President, and for many good reasons. With that being said, the Administration and I‚Ä¶ https://t.co/ZETM0p0uGk",139,1249712413219397632,2020-04-13 14:53:52,Twitter for iPhone,108836,24646
White House news conference today at 5:00 P.M. Eastern. Thank you!,66,1249782050871300096,2020-04-13 19:30:35,Twitter for iPhone,139142,20949
First the Fake News Media said that it‚Äôs not fair for the President of the United States to be giving news conferen‚Ä¶ https://t.co/OeTK50YoZe,140,1249797383132766215,2020-04-13 20:31:30,Twitter for iPhone,109604,26926
"My deepest sympathies go out to Frieda Chera and the family of the late, great, Stanley Chera, one of Manhattan‚Äôs m‚Ä¶ https://t.co/Bx02gL3Y1e",140,1249808119217172489,2020-04-13 21:14:10,Twitter for iPhone,111136,16805
RT @WhiteHouse: LIVE: Press Briefing with Coronavirus Task Force https://t.co/IoHRJuAFbT,88,1249817194697035776,2020-04-13 21:50:14,Twitter for iPhone,0,9458
RT @WhiteHouse: President @realDonaldTrump offered his condolences to Americans across the south who just endured deadly tornadoes and seve‚Ä¶,140,1249856562002366465,2020-04-14 00:26:40,Twitter for iPhone,0,8625
"RT @WhiteHouse: Over the weekend, the number of daily new infections remained flat.

Thanks to the efforts of every American, our strategie‚Ä¶",140,1249856634467295232,2020-04-14 00:26:57,Twitter for iPhone,0,8954
"RT @WhiteHouse: ""We're very close to completing a plan to open our country."" https://t.co/xnV4XxwnjL",100,1249856681766457344,2020-04-14 00:27:08,Twitter for iPhone,0,17062
https://t.co/6fEymjTjUM,23,1249858152578920449,2020-04-14 00:32:59,Twitter Media Studio,147714,51115
RT @TrumpWarRoom: Media keep asking what the Trump Administration was doing in February to combat the coronavirus after restricting travel‚Ä¶,139,1249865186858672130,2020-04-14 01:00:56,Twitter for iPhone,0,19241
https://t.co/NOAE5Q6QxH,23,1249882105406009345,2020-04-14 02:08:10,Twitter for iPhone,122493,31558
https://t.co/ImJ7W5MACi,23,1249886901320011786,2020-04-14 02:27:13,Twitter Media Studio,61867,17883
https://t.co/DRVhpMCuAx,23,1249888406127153155,2020-04-14 02:33:12,Twitter Media Studio,69498,20652
The Democrats don‚Äôt want to approve more money for our great workers under the incredibly successful ‚ÄúPaycheck‚Äù plan. Replenish Account Now!,140,1250056263746162688,2020-04-14 13:40:12,Twitter for iPhone,90954,23113
"Cuomo‚Äôs been calling daily, even hourly, begging for everything, most of which should have been the state‚Äôs respons‚Ä¶ https://t.co/eel2Fl1w2V",140,1250063051182747651,2020-04-14 14:07:11,Twitter for iPhone,118035,25202
"GET RID OF BALLOT HARVESTING, IT IS RAMPANT WITH FRAUD. THE USA MUST HAVE VOTER I.D., THE ONLY WAY TO GET AN HONEST COUNT!",122,1250067500190089217,2020-04-14 14:24:51,Twitter for iPhone,167540,43049
Tell the Democrat Governors that ‚ÄúMutiny On The Bounty‚Äù was one of my all time favorite movies. A good old fashione‚Ä¶ https://t.co/AkL2j7upwF,140,1250075668282576898,2020-04-14 14:57:19,Twitter for iPhone,99595,25828
My Administration is committed to protecting the Homeland from the scourge of narco-terrorists and traffickers seek‚Ä¶ https://t.co/cnAPqQk19I,140,1250088893766078470,2020-04-14 15:49:52,Twitter for iPhone,66779,19649
