post_id,text,post_text,shared_text,time,image,likes,comments,shares,post_url,link
10158394351806052,"La cifra definitiva de la ayuda estatal será zanjada este jueves en comisión mixta.
ELMOSTRADOR.CL
Bono por Covid-19 se discutirá en comisión mixta. Piden ""sensibilidad social"" para subirlo a $200 mil",La cifra definitiva de la ayuda estatal será zanjada este jueves en comisión mixta.,"ELMOSTRADOR.CL
Bono por Covid-19 se discutirá en comisión mixta. Piden ""sensibilidad social"" para subirlo a $200 mil",2020-03-26 12:45:17,https://external.fscl6-1.fna.fbcdn.net/safe_image.php?d=AQBh2qGFD5JbgqN5&w=476&h=249&url=https%3A%2F%2Fwww.elmostrador.cl%2Fmedia%2F2020%2F03%2FA_UNO_1150932_d5fc4.jpg&cfs=1&jq=75&ext=jpg&_nc_hash=AQCJbOcsrGRLDapK,0,0,0,https://m.facebook.com/story.php?story_fbid=10158394351806052&id=80606026051,https://www.elmostrador.cl/dia/2020/03/26/bono-por-covid-19-se-discutira-en-comision-mixta-piden-sensibilidad-social-para-subirlo-a-200-mil/
10158394336006052,"VIDEO| Miembros del ejército se encuentran resguardando supermercado ubicado en Irarrázaval con Suecia, ante la gran cantidad de personas en el lugar.
ELMOSTRADOR.CL
Se registra alta afluencia en supermercados de comunas en cuarentena","VIDEO| Miembros del ejército se encuentran resguardando supermercado ubicado en Irarrázaval con Suecia, ante la gran cantidad de personas en el lugar.","ELMOSTRADOR.CL
Se registra alta afluencia en supermercados de comunas en cuarentena",2020-03-26 12:30:42,https://external.fscl6-1.fna.fbcdn.net/safe_image.php?d=AQBlH2XzrbiYo3Vu&w=476&h=249&url=https%3A%2F%2Fwww.elmostrador.cl%2Fmedia%2F2020%2F03%2Ffilas.jpg&cfs=1&jq=75&ext=jpg&_nc_hash=AQABi-AHxw5anv5Y,1,1,0,https://m.facebook.com/story.php?story_fbid=10158394336006052&id=80606026051,https://www.elmostrador.cl/noticias/2020/03/26/se-registra-alta-afluencia-en-supermercados-de-comunas-en-cuarentena/
10158394320296052,"BRAGA| Millones de personas alrededor del mundo tienen que permanecer confinadas en sus casas para combatir el brote de coronavirus. Sin embargo, para muchas personas su propio hogar no es un lugar seguro.
ELMOSTRADOR.CL
Coronavirus: la preocupación por las víctimas de violencia de género que tienen que convivir en cuarentena con su agresor (y dónde buscar ayuda)","BRAGA| Millones de personas alrededor del mundo tienen que permanecer confinadas en sus casas para combatir el brote de coronavirus. Sin embargo, para muchas personas su propio hogar no es un lugar seguro.","ELMOSTRADOR.CL
Coronavirus: la preocupación por las víctimas de violencia de género que tienen que convivir en cuarentena con su agresor (y dónde buscar ayuda)",2020-03-26 12:20:02,https://external.fscl6-1.fna.fbcdn.net/safe_image.php?d=AQDm9ZfdhOeeAQj7&w=476&h=249&url=https%3A%2F%2Fwww.elmostrador.cl%2Fmedia%2F2020%2F03%2F111398711_gettyimages-1069905510.jpg&cfs=1&jq=75&ext=jpg&_nc_hash=AQB0HXYkeODSASQR,4,0,3,https://m.facebook.com/story.php?story_fbid=10158394320296052&id=80606026051,https://www.elmostrador.cl/braga/2020/03/26/coronavirus-la-preocupacion-por-las-victimas-de-violencia-de-genero-que-tienen-que-convivir-en-cuarentena-con-su-agresor-y-donde-buscar-ayuda/
10158394300721052,"MERCADOS| Por otra parte, los futuros del cobre iniciaron sus operaciones con una baja de 0,70% en el mercado de derivados de Chicago, por lo que se ubica en US$ 2,18 por libra.
ELMOSTRADOR.CL
Dólar abre a la baja por cuarta jornada consecutiva y se cotiza en $842,15","MERCADOS| Por otra parte, los futuros del cobre iniciaron sus operaciones con una baja de 0,70% en el mercado de derivados de Chicago, por lo que se ubica en US$ 2,18 por libra.","ELMOSTRADOR.CL
Dólar abre a la baja por cuarta jornada consecutiva y se cotiza en $842,15",2020-03-26 12:10:33,https://external.fscl6-1.fna.fbcdn.net/safe_image.php?d=AQDsryXzXoGD0b3D&w=476&h=249&url=https%3A%2F%2Fwww.elmostrador.cl%2Fmedia%2F2019%2F12%2Fdolar1-1024x578.jpg&cfs=1&jq=75&ext=jpg&_nc_hash=AQAhGqQ6lsV3Uf57,6,0,0,https://m.facebook.com/story.php?story_fbid=10158394300721052&id=80606026051,https://www.elmostrador.cl/noticias/pais/2020/03/26/dolar-abre-a-la-baja-por-cuarta-jornada-consecutiva-y-se-cotiza-en-84215/
10158394276751052,"SIN EDITAR| Desde este miércoles 25 el periódico siguió funcionando a través de su radioemisora y su plataforma digital, en la cual habrá contenido sin costo para los lectores.
ELMOSTRADOR.CL
Tiempos que vienen: centenario diario La Discusión de Chillán pone ""el papel en pausa""","SIN EDITAR| Desde este miércoles 25 el periódico siguió funcionando a través de su radioemisora y su plataforma digital, en la cual habrá contenido sin costo para los lectores.","ELMOSTRADOR.CL
Tiempos que vienen: centenario diario La Discusión de Chillán pone ""el papel en pausa""",2020-03-26 12:00:47,https://external.fscl6-1.fna.fbcdn.net/safe_image.php?d=AQDXh0Ly5gyM1adE&w=476&h=249&url=https%3A%2F%2Fwww.elmostrador.cl%2Fmedia%2F2020%2F03%2Fdiario-discusion-chillan.png&cfs=1&jq=75&ext=jpg&_nc_hash=AQA4hkeAwAmUKEk4,4,0,3,https://m.facebook.com/story.php?story_fbid=10158394276751052&id=80606026051,https://www.elmostrador.cl/noticias/sin-editar/2020/03/26/centenario-diario-pone-el-papel-en-pausa/
10158394257921052,"Más detalladamente, la información de la policía uniformada da cuenta de 13 detenidos en la Región Metropolitana y 199 en el resto de Chile.
ELMOSTRADOR.CL
212 personas fueron detenidas en la cuarta noche de toque de queda","Más detalladamente, la información de la policía uniformada da cuenta de 13 detenidos en la Región Metropolitana y 199 en el resto de Chile.","ELMOSTRADOR.CL
212 personas fueron detenidas en la cuarta noche de toque de queda",2020-03-26 11:45:06,https://external.fscl6-1.fna.fbcdn.net/safe_image.php?d=AQDq0Qr8WtMLRDal&w=476&h=249&url=https%3A%2F%2Fwww.elmostrador.cl%2Fmedia%2F2020%2F03%2FA_UNO_1170349-700x467.jpg&cfs=1&jq=75&ext=jpg&_nc_hash=AQCl_dRJJZ_0mZQ7,5,1,2,https://m.facebook.com/story.php?story_fbid=10158394257921052&id=80606026051,https://www.elmostrador.cl/noticias/pais/2020/03/26/212-personas-fueron-detenidas-en-la-cuarta-noche-de-toque-de-queda/
10158394240976052,"El recinto -construido a inicios de la década pasada y que prometía ser un gran centro de salud para la comuna de Ñuñoa- servirá para que lleguen pacientes que no requieren estar conectados a ventilación mecánica, pero que sí necesitan cuidados constantes debido al covid-19.
ELMOSTRADOR.CL
Tras años de abandono, Clínica Ñuñoa funcionará como hospital de campaña ante emergencia por coronavirus","El recinto -construido a inicios de la década pasada y que prometía ser un gran centro de salud para la comuna de Ñuñoa- servirá para que lleguen pacientes que no requieren estar conectados a ventilación mecánica, pero que sí necesitan cuidados constantes debido al covid-19.","ELMOSTRADOR.CL
Tras años de abandono, Clínica Ñuñoa funcionará como hospital de campaña ante emergencia por coronavirus",2020-03-26 11:30:51,https://external.fscl6-1.fna.fbcdn.net/safe_image.php?d=AQC3Q4NiTmEpOt3v&w=476&h=249&url=https%3A%2F%2Fwww.elmostrador.cl%2Fmedia%2F2017%2F10%2Fclinica_nunoa.jpg&cfs=1&jq=75&ext=jpg&_nc_hash=AQB31K391q0D2is5,82,8,19,https://m.facebook.com/story.php?story_fbid=10158394240976052&id=80606026051,https://www.elmostrador.cl/noticias/pais/2020/03/26/tras-anos-de-abandono-clinica-nunoa-funcionara-como-hospital-de-campana-ante-emergencia-por-coronavirus/
10158394223816052,"CULTURA| Dicen, quizás sea otra historia, que Uderzo alcanzó a conocer del coronavirus, incluso a imaginar una trama. La columna de opinión de Ignacio Vidaurrázaga.
ELMOSTRADOR.CL
Uderzo, el trazo de Astérix y Obélix","CULTURA| Dicen, quizás sea otra historia, que Uderzo alcanzó a conocer del coronavirus, incluso a imaginar una trama. La columna de opinión de Ignacio Vidaurrázaga.","ELMOSTRADOR.CL
Uderzo, el trazo de Astérix y Obélix",2020-03-26 11:10:16,https://external.fscl6-1.fna.fbcdn.net/safe_image.php?d=AQDwg4IIufJIgrUB&w=476&h=249&url=https%3A%2F%2Fwww.elmostrador.cl%2Fmedia%2F2020%2F03%2F40416-m.jpg&cfs=1&jq=75&sx=120&sy=0&sw=700&sh=366&ext=jpg&_nc_hash=AQBJpLVr4hT_lPbG,4,0,2,https://m.facebook.com/story.php?story_fbid=10158394223816052&id=80606026051,https://www.elmostrador.cl/cultura/2020/03/26/uderzo-el-trazo-de-asterix-y-obelix/
10158394205376052,"El ministro de Salud informó que en las últimas 24 horas (con corte a las 21:00 horas del miércoles), se han detectado 164 nuevos casos positivos de covid-19.
ELMOSTRADOR.CL
Mañalich confirma cuarto fallecido por coronavirus: Total de contagiados aumenta a 1306","El ministro de Salud informó que en las últimas 24 horas (con corte a las 21:00 horas del miércoles), se han detectado 164 nuevos casos positivos de covid-19.","ELMOSTRADOR.CL
Mañalich confirma cuarto fallecido por coronavirus: Total de contagiados aumenta a 1306",2020-03-26 10:47:39,https://external.fscl6-1.fna.fbcdn.net/safe_image.php?d=AQApfZ4qZDOov6WR&w=476&h=249&url=https%3A%2F%2Fwww.elmostrador.cl%2Fmedia%2F2020%2F03%2FA_UNO_1170185-1-700x467.jpg&cfs=1&jq=75&ext=jpg&_nc_hash=AQA6nQ4CSvsf3x_N,5,27,15,https://m.facebook.com/story.php?story_fbid=10158394205376052&id=80606026051,https://www.elmostrador.cl/noticias/pais/2020/03/26/manalich-confirma-cuarto-fallecido-por-coronavirus-total-de-contagiados-aumenta-a-1306/
10158394061191052,"Dos expertos en defensa del consumidor, la abogada Jimena Orrego y el presidente de la Conadecus, Hernán Calderón, desmenuzaron los alcances de la normativa vigente ante las complejas situaciones que ha generado la crisis sanitaria del coronavirus. Sobre los casos de las líneas aéreas que han cancelado miles de vuelos por la pandemia, Calderón precisó que de lo único que están eximidas estas empresas, dado que se trata de un hecho fortuito y de fuerza mayor, es de pagar indemnización, pero tienen la obligación de devolver el dinero de los pasajes correspondientes a los viajes que no se realizaron. Orrego agregó que el contrato sigue siendo vinculante y, por lo mismo, es el proveedor de servicios ""el que debe soportar las consecuencias económicas"". En servicios como gimnasios, piscinas, transporte escolar, etc., que han sido previamente pagados, la abogada precisó que los cargos en las tarjetas de crédito por prestaciones no hechas deben ser devueltos al consumidor, mientras que Calderón instó a tener voluntad de llegar a acuerdos entre ambas partes. @conadecus @mariajimenaorrego","Dos expertos en defensa del consumidor, la abogada Jimena Orrego y el presidente de la Conadecus, Hernán Calderón, desmenuzaron los alcances de la normativa vigente ante las complejas situaciones que ha generado la crisis sanitaria del coronavirus. Sobre los casos de las líneas aéreas que han cancelado miles de vuelos por la pandemia, Calderón precisó que de lo único que están eximidas estas empresas, dado que se trata de un hecho fortuito y de fuerza mayor, es de pagar indemnización, pero tienen la obligación de devolver el dinero de los pasajes correspondientes a los viajes que no se realizaron. Orrego agregó que el contrato sigue siendo vinculante y, por lo mismo, es el proveedor de servicios ""el que debe soportar las consecuencias económicas"". En servicios como gimnasios, piscinas, transporte escolar, etc., que han sido previamente pagados, la abogada precisó que los cargos en las tarjetas de crédito por prestaciones no hechas deben ser devueltos al consumidor, mientras que Calderón instó a tener voluntad de llegar a acuerdos entre ambas partes. @conadecus @mariajimenaorrego",,2020-03-26 09:57:29,,6,0,0,https://m.facebook.com/story.php?story_fbid=10158394061191052&id=80606026051,
10158394016861052,"MUNDO| El incremento de los fallecidos de un día a otro fue del 19%, menos que el miércoles (+27%), cuando se reportaron 738 muertos más
ELMOSTRADOR.CL
España supera los 4.000 muertos y 50.000 contagiados por coronavirus","MUNDO| El incremento de los fallecidos de un día a otro fue del 19%, menos que el miércoles (+27%), cuando se reportaron 738 muertos más","ELMOSTRADOR.CL
España supera los 4.000 muertos y 50.000 contagiados por coronavirus",2020-03-26 09:50:41,https://external.fscl6-1.fna.fbcdn.net/safe_image.php?d=AQDWI3qreWrNLo9f&w=476&h=249&url=https%3A%2F%2Fwww.elmostrador.cl%2Fmedia%2F2020%2F03%2FEspana.jpg&cfs=1&jq=75&ext=jpg&_nc_hash=AQCagMnFQiAfqf8p,6,1,7,https://m.facebook.com/story.php?story_fbid=10158394016861052&id=80606026051,https://www.elmostrador.cl/dia/2020/03/26/espana-supera-los-4-000-muertos-y-50-000-contagiados-por-coronavirus/
10158393980901052,"Por medio de Twitter, el jefe de Estado anunció que ""durante los días de cuarentena, la Clave Única será fundamental para obtener los permisos temporales para poder salir de casa""
ELMOSTRADOR.CL
Piñera anuncia aplicación para obtener Clave Única sin tener que ir al Registro Civil","Por medio de Twitter, el jefe de Estado anunció que ""durante los días de cuarentena, la Clave Única será fundamental para obtener los permisos temporales para poder salir de casa""","ELMOSTRADOR.CL
Piñera anuncia aplicación para obtener Clave Única sin tener que ir al Registro Civil",2020-03-26 09:40:42,https://external.fscl6-1.fna.fbcdn.net/safe_image.php?d=AQAq_sgmGbxaIj9O&w=476&h=249&url=https%3A%2F%2Fwww.elmostrador.cl%2Fmedia%2F2020%2F03%2FA_UNO_655198-700x467.jpg&cfs=1&jq=75&ext=jpg&_nc_hash=AQBr_bKzSWXJPUiW,14,14,11,https://m.facebook.com/story.php?story_fbid=10158393980901052&id=80606026051,https://www.elmostrador.cl/noticias/pais/2020/03/26/pinera-anuncia-aplicacion-para-obtener-clave-unica-sin-tener-que-ir-al-registro-civil/
10158393939416052,"OPINIÓN| ""Habiendo consentido la orden de encierro, nos encontramos tal como se nos pide, cada quien en su casa. ¿Qué es una casa? ¿Quién tiene una?"". Por Gabriela Manitta
ELMOSTRADOR.CL
Quédate en casa","OPINIÓN| ""Habiendo consentido la orden de encierro, nos encontramos tal como se nos pide, cada quien en su casa. ¿Qué es una casa? ¿Quién tiene una?"". Por Gabriela Manitta","ELMOSTRADOR.CL
Quédate en casa",2020-03-26 09:30:34,https://external.fscl6-1.fna.fbcdn.net/safe_image.php?d=AQCUtrrYB5ERSyap&w=476&h=249&url=https%3A%2F%2Fwww.elmostrador.cl%2Fmedia%2F2020%2F03%2Fquedate-en-casa-768x469-1.jpeg&cfs=1&jq=75&ext=jpg&_nc_hash=AQDKCg9D1-R4wGnH,22,10,6,https://m.facebook.com/story.php?story_fbid=10158393939416052&id=80606026051,https://www.elmostrador.cl/noticias/opinion/2020/03/26/quedate-en-casa/
10158393921256052,"Uno de los buses transportaba a dos extranjeros que no cumplieron con la cuarentena, quienes viajaron en bus de la empresa Pullman con destino a Arica
ELMOSTRADOR.CL
Devuelven dos buses a Santiago tras detectar personas contagiadas con coronavirus","Uno de los buses transportaba a dos extranjeros que no cumplieron con la cuarentena, quienes viajaron en bus de la empresa Pullman con destino a Arica","ELMOSTRADOR.CL
Devuelven dos buses a Santiago tras detectar personas contagiadas con coronavirus",2020-03-26 09:20:17,https://external.fscl6-1.fna.fbcdn.net/safe_image.php?d=AQAWxu7GrpA5qAbM&w=476&h=249&url=https%3A%2F%2Fwww.elmostrador.cl%2Fmedia%2F2015%2F01%2FPullman-Bus.jpg&cfs=1&jq=75&ext=jpg&_nc_hash=AQAqNfUDqnBkYbjp,52,25,85,https://m.facebook.com/story.php?story_fbid=10158393921256052&id=80606026051,https://www.elmostrador.cl/noticias/pais/2020/03/26/devuelven-dos-buses-a-santiago-tras-detectar-personas-contagiadas-con-coronavirus/
10158393912301052,"El horario de operación del Transantiago será entre las 05:30 hasta las 22:00 horas. En tanto, el Metro de Santiago abrirá a las 06:30 y cerrará sus puertas a las 19:30 horas
ELMOSTRADOR.CL
Servicios de transporte operarán con normalidad en comunas con cuarentena total","El horario de operación del Transantiago será entre las 05:30 hasta las 22:00 horas. En tanto, el Metro de Santiago abrirá a las 06:30 y cerrará sus puertas a las 19:30 horas","ELMOSTRADOR.CL
Servicios de transporte operarán con normalidad en comunas con cuarentena total",2020-03-26 09:10:12,https://external.fscl6-1.fna.fbcdn.net/safe_image.php?d=AQCmCz9hrlm6rUj6&w=476&h=249&url=https%3A%2F%2Fwww.elmostrador.cl%2Fmedia%2F2015%2F07%2FTransantiago.jpg&cfs=1&jq=75&ext=jpg&_nc_hash=AQAy9d0EHvapQgFO,5,8,5,https://m.facebook.com/story.php?story_fbid=10158393912301052&id=80606026051,https://www.elmostrador.cl/noticias/pais/2020/03/26/servicios-de-transporte-operaran-con-normalidad-en-comunas-con-cuarentena-total/
10158393846466052,"MERCADOS| La economía del ""quédate en casa"" que requiere el coronavirus acelerará de forma dramática el cambio de lo viejo a lo nuevo
ELMOSTRADOR.CL
Coronavirus: 3 maneras en que la pandemia de covid-19 puede cambiar nuestras vidas de forma permanente","MERCADOS| La economía del ""quédate en casa"" que requiere el coronavirus acelerará de forma dramática el cambio de lo viejo a lo nuevo","ELMOSTRADOR.CL
Coronavirus: 3 maneras en que la pandemia de covid-19 puede cambiar nuestras vidas de forma permanente",2020-03-26 08:45:24,https://external.fscl6-1.fna.fbcdn.net/safe_image.php?d=AQD79Dg-wi4U3aOg&w=476&h=249&url=https%3A%2F%2Fwww.elmostrador.cl%2Fmedia%2F2020%2F03%2FA_UNO_1167395-700x467.jpg&cfs=1&jq=75&ext=jpg&_nc_hash=AQAsvAnODfV4JEBr,3,0,0,https://m.facebook.com/story.php?story_fbid=10158393846466052&id=80606026051,https://www.elmostrador.cl/dia/2020/03/26/coronavirus-3-maneras-en-que-la-pandemia-de-covid-19-puede-cambiar-nuestras-vidas-de-forma-permanente/
10158393787601052,"CULTURA/OPINIÓN| ""Dada la tasa exponencial de crecimiento del número de enfermos, prontamente tendremos que avanzar hacia medidas estrictas de cuarentena. Lo mejor es hacerlo ahora"". Por Andrés Navas
ELMOSTRADOR.CL
Matemáticas y coronavirus: el momento de actuar con fuerza es ahora","CULTURA/OPINIÓN| ""Dada la tasa exponencial de crecimiento del número de enfermos, prontamente tendremos que avanzar hacia medidas estrictas de cuarentena. Lo mejor es hacerlo ahora"". Por Andrés Navas","ELMOSTRADOR.CL
Matemáticas y coronavirus: el momento de actuar con fuerza es ahora",2020-03-26 08:30:00,https://external.fscl6-1.fna.fbcdn.net/safe_image.php?d=AQCEKAYRin7nUeoO&w=397&h=207&url=https%3A%2F%2Fwww.elmostrador.cl%2Fmedia%2F2020%2F03%2FCaptura-de-pantalla-2020-03-25-a-las-22.13.12.png&cfs=1&jq=75&ext=jpg&_nc_hash=AQChjLHILv3gR8SS,28,2,23,https://m.facebook.com/story.php?story_fbid=10158393787601052&id=80606026051,https://www.elmostrador.cl/cultura/2020/03/26/matematicas-y-coronavirus-el-momento-de-actuar-con-fuerza-es-ahora/
10158393696321052,"AGENDA PAÍS| En medio de la crisis que ha originado el coronavirus se hace evidente que la política comunicacional sanitaria excluye a la población con discapacidad, dicen expertos
ELMOSTRADOR.CL
Población con discapacidad: los olvidados de la cuarentena","AGENDA PAÍS| En medio de la crisis que ha originado el coronavirus se hace evidente que la política comunicacional sanitaria excluye a la población con discapacidad, dicen expertos","ELMOSTRADOR.CL
Población con discapacidad: los olvidados de la cuarentena",2020-03-26 08:20:20,https://external.fscl6-1.fna.fbcdn.net/safe_image.php?d=AQAhqcwWr73YTitJ&w=476&h=249&url=https%3A%2F%2Fwww.elmostrador.cl%2Fmedia%2F2020%2F03%2FCOVID-19.jpg&cfs=1&jq=75&ext=jpg&_nc_hash=AQB5uXIASFPqGwPN,6,0,3,https://m.facebook.com/story.php?story_fbid=10158393696321052&id=80606026051,https://www.elmostrador.cl/agenda-pais/2020/03/26/poblacion-con-discapacidad-los-olvidados-de-la-cuarentena/
10158393671491052,"GENERACIÓN M| Actualmente Achiga en conjunto con profesionales están elaborando un protocolo para despachar comida sin establecer ningún tipo de acercamiento, y con estándares más rigurosos de los establecidos hasta ahora
ELMOSTRADOR.CL
Gremio de restaurantes solicitan que se permita delivery como opción de funcionamiento ante crisis de coronavirus","GENERACIÓN M| Actualmente Achiga en conjunto con profesionales están elaborando un protocolo para despachar comida sin establecer ningún tipo de acercamiento, y con estándares más rigurosos de los establecidos hasta ahora","ELMOSTRADOR.CL
Gremio de restaurantes solicitan que se permita delivery como opción de funcionamiento ante crisis de coronavirus",2020-03-26 08:10:47,https://external.fscl6-1.fna.fbcdn.net/safe_image.php?d=AQDFyWtUFe1eJJEO&w=476&h=249&url=https%3A%2F%2Fwww.elmostrador.cl%2Fmedia%2F2020%2F03%2Fvariety-of-baked-and-dessert-foods-on-plates-1448721-700x467.jpg&cfs=1&jq=75&ext=jpg&_nc_hash=AQB2MSjKsrfkItr-,7,0,3,https://m.facebook.com/story.php?story_fbid=10158393671491052&id=80606026051,https://www.elmostrador.cl/generacion-m/2020/03/26/gremio-de-restaurantes-solicitan-que-se-permita-delivery-como-opcion-de-funcionamiento-ante-crisis-de-coronavirus/
10158393659481052,"TV| Dos expertos en defensa del consumidor, la abogada Jimena Orrego y el presidente de la Conadecus, Hernán Calderón, desmenuzaron los alcances de la normativa vigente ante las complejas situaciones que ha generado la crisis sanitaria del coronavirus
ELMOSTRADOR.CL
Los efectos de la pandemia del coronavirus en los derechos del consumidor","TV| Dos expertos en defensa del consumidor, la abogada Jimena Orrego y el presidente de la Conadecus, Hernán Calderón, desmenuzaron los alcances de la normativa vigente ante las complejas situaciones que ha generado la crisis sanitaria del coronavirus","ELMOSTRADOR.CL
Los efectos de la pandemia del coronavirus en los derechos del consumidor",2020-03-26 08:00:18,https://external.fscl6-1.fna.fbcdn.net/safe_image.php?d=AQDlaGb_e_04MXBn&w=476&h=249&url=https%3A%2F%2Fwww.elmostrador.cl%2Fmedia%2F2020%2F03%2Fphoto_2020-03-25_20-00-39.jpg&cfs=1&jq=75&ext=jpg&_nc_hash=AQDarv9jO8H4GATA,0,0,0,https://m.facebook.com/story.php?story_fbid=10158393659481052&id=80606026051,https://www.elmostrador.cl/tv/2020/03/26/los-efectos-de-la-pandemia-del-coronavirus-en-los-derechos-del-consumidor/
10158393647536052,"OPINIÓN| ""El aumento de los contagiados probablemente exigirá más camas y recintos para aislarlos. Bien que se piense en ampliar esa capacidad. Mal que ello se nuble con opacidades e, incluso, con eventuales beneficios para privados"". Por Gabriel Gaspar
ELMOSTRADOR.CL
Buenas y malas prácticas de la pandemia","OPINIÓN| ""El aumento de los contagiados probablemente exigirá más camas y recintos para aislarlos. Bien que se piense en ampliar esa capacidad. Mal que ello se nuble con opacidades e, incluso, con eventuales beneficios para privados"". Por Gabriel Gaspar","ELMOSTRADOR.CL
Buenas y malas prácticas de la pandemia",2020-03-26 07:30:14,https://external.fscl6-1.fna.fbcdn.net/safe_image.php?d=AQAUG2c7sm6UGIBB&w=476&h=249&url=https%3A%2F%2Fwww.elmostrador.cl%2Fmedia%2F2020%2F03%2Fcoronavirus_295860_2_5e78b9146ec8e.jpg&cfs=1&jq=75&ext=jpg&_nc_hash=AQBSaGPh4ozObamb,13,2,16,https://m.facebook.com/story.php?story_fbid=10158393647536052&id=80606026051,https://www.elmostrador.cl/destacado/2020/03/26/buenas-y-malas-practicas-de-la-pandemia/
10158393635926052,"A pesar de que el Ministerio de Salud liberó algunos datos sobre los Test PCR utilizados para diagnosticar el COVID-19, aún se mantiene un manto de dudas sobre las cifras reales
ELMOSTRADOR.CL
Informe de Epidemiología del Minsal revela inconsistencias respecto de los testeos para COVID-19 informados por Mañalich","A pesar de que el Ministerio de Salud liberó algunos datos sobre los Test PCR utilizados para diagnosticar el COVID-19, aún se mantiene un manto de dudas sobre las cifras reales","ELMOSTRADOR.CL
Informe de Epidemiología del Minsal revela inconsistencias respecto de los testeos para COVID-19 informados por Mañalich",2020-03-26 07:00:12,https://external.fscl6-1.fna.fbcdn.net/safe_image.php?d=AQDvUJSbj_SHmGRN&w=476&h=249&url=https%3A%2F%2Fwww.elmostrador.cl%2Fmedia%2F2020%2F03%2FA_UNO_1167742-700x467.jpg&cfs=1&jq=75&sx=0&sy=40&sw=700&sh=366&ext=jpg&_nc_hash=AQBaYykhzmuv6b7x,92,53,493,https://m.facebook.com/story.php?story_fbid=10158393635926052&id=80606026051,https://www.elmostrador.cl/noticias/pais/2020/03/26/informe-de-epidemiologia-del-minsal-revela-inconsistencias-respecto-de-los-testeos-para-covid-19-informados-por-manalich/
10158393629491052,"MERCADOS| Tardaron años en recuperar lo perdido en la crisis subprime y ahora, con la pandemia del coronavirus, las pérdidas han sido millonarias para el sistema local y para todos los fondos sin excepción
ELMOSTRADOR.CL
Otra vez las AFP: el duro bofetazo que la crisis del nuevo coronavirus les ha dado a los fondos de pensiones chilenos","MERCADOS| Tardaron años en recuperar lo perdido en la crisis subprime y ahora, con la pandemia del coronavirus, las pérdidas han sido millonarias para el sistema local y para todos los fondos sin excepción","ELMOSTRADOR.CL
Otra vez las AFP: el duro bofetazo que la crisis del nuevo coronavirus les ha dado a los fondos de pensiones chilenos",2020-03-26 06:45:01,https://external.fscl6-1.fna.fbcdn.net/safe_image.php?d=AQBS__0498CXtPzD&w=476&h=249&url=https%3A%2F%2Fwww.elmostrador.cl%2Fmedia%2F2020%2F01%2FA_UNO_1133479-700x389.jpg&cfs=1&jq=75&ext=jpg&_nc_hash=AQAxFbX2OX_7bdrP,14,35,86,https://m.facebook.com/story.php?story_fbid=10158393629491052&id=80606026051,https://www.elmostrador.cl/mercados/2020/03/26/otra-vez-las-afp-el-duro-bofetazo-que-la-crisis-del-nuevo-coronavirus-les-ha-dado-a-los-fondos-de-pensiones-chilenos/
10158392593261052,"VIDEO| El reconocido imitador Stefan Kramer nuevamente hizo de las suyas
ELMOSTRADOR.CL
“Tenemos la mejor cuarentena de esta dimensión”: Stefan Kramer se luce imitando al ministro Mañalich",VIDEO| El reconocido imitador Stefan Kramer nuevamente hizo de las suyas,"ELMOSTRADOR.CL
“Tenemos la mejor cuarentena de esta dimensión”: Stefan Kramer se luce imitando al ministro Mañalich",2020-03-25 22:06:07,https://external.fscl6-1.fna.fbcdn.net/safe_image.php?d=AQDLaPaxWFuo1B__&w=476&h=249&url=https%3A%2F%2Fwww.elmostrador.cl%2Fmedia%2F2020%2F03%2FScreenshot_1-12.png&cfs=1&jq=75&ext=jpg&_nc_hash=AQBLqY8eysPDVHEc,349,124,143,https://m.facebook.com/story.php?story_fbid=10158392593261052&id=80606026051,https://www.elmostrador.cl/noticias/multimedia/2020/03/25/tenemos-la-mejor-cuarentena-de-esta-dimension-stefan-kramer-se-luce-imitando-al-ministro-manalich/
10158392271356052,"LO + DESTACADO| En el mundo, las comunidades científicas y ministerios de Salud comparten sus cifras respecto a las estrategias de aplicación de test y de aislamiento para ver cuál resulta más efectiva
ELMOSTRADOR.CL
Manto de dudas, secretismo y desfase: los flancos de las cifras oficiales sobre Coronavirus en Chile","LO + DESTACADO| En el mundo, las comunidades científicas y ministerios de Salud comparten sus cifras respecto a las estrategias de aplicación de test y de aislamiento para ver cuál resulta más efectiva","ELMOSTRADOR.CL
Manto de dudas, secretismo y desfase: los flancos de las cifras oficiales sobre Coronavirus en Chile",2020-03-25 22:00:27,https://external.fscl6-1.fna.fbcdn.net/safe_image.php?d=AQB4v2ldU9NyZ4aF&w=476&h=249&url=https%3A%2F%2Fwww.elmostrador.cl%2Fmedia%2F2020%2F03%2FA_UNO_998977_1bb37.jpg&cfs=1&jq=75&ext=jpg&_nc_hash=AQByLN6JgcBey0ox,12,2,33,https://m.facebook.com/story.php?story_fbid=10158392271356052&id=80606026051,https://www.elmostrador.cl/noticias/pais/2020/03/25/manto-de-dudas-secretismo-y-desfase-los-flancos-de-las-cifras-oficiales-sobre-coronavirus-en-chile/
10158392265626052,"LO + DESTACADO| El numero de personas infectadas llegó a 1.142, con 220 casos nuevos. Hay un tercer fallecido de 82 años, en Concepción.
ELMOSTRADOR.CL
220 nuevos casos de contagiados con COVID-19 superan la barrera de los mil infectados y Gobierno adelanta vacaciones de invierno","LO + DESTACADO| El numero de personas infectadas llegó a 1.142, con 220 casos nuevos. Hay un tercer fallecido de 82 años, en Concepción.","ELMOSTRADOR.CL
220 nuevos casos de contagiados con COVID-19 superan la barrera de los mil infectados y Gobierno adelanta vacaciones de invierno",2020-03-25 21:30:42,https://external.fscl6-1.fna.fbcdn.net/safe_image.php?d=AQB_RjEmIwuV5ABG&w=476&h=249&url=https%3A%2F%2Fwww.elmostrador.cl%2Fmedia%2F2020%2F03%2FA_UNO_1169182_7a579.jpg&cfs=1&jq=75&sx=0&sy=6&sw=900&sh=471&ext=jpg&_nc_hash=AQD2iPkAqZqgMjbV,5,1,4,https://m.facebook.com/story.php?story_fbid=10158392265626052&id=80606026051,https://www.elmostrador.cl/destacado/2020/03/25/casos-de-covid-19-superan-la-barrera-de-los-mil-contagiados-y-gobierno-adelanta-vacaciones-invierno/
10158392463396052,"En el mundo, las comunidades científicas y ministerios de Salud comparten sus cifras respecto a las estrategias de aplicación de test y de aislamiento para ver cuál resulta más efectiva. En Chile, el ministro Jaime Mañalich ha mantenido un gran hermetismo sobre el número de test que se toman al día y cuánto realmente se demoran en estar los resultados. Pese a que el Minsal ha señalado a la prensa que se aplican hasta 3 mil diarios y que tardan entre 24 y 48 horas en tener los resultados, en los servicios de salud hablan de un mínimo de tres días y hasta una semana en las regiones más aisladas. Una demora que, a juicio de epidemiólogos, podría estar afectando la cantidad de casos conocidos y la curva de crecimiento del COVID-19 en el país, la que ha sido calificada como “única en el mundo”.","En el mundo, las comunidades científicas y ministerios de Salud comparten sus cifras respecto a las estrategias de aplicación de test y de aislamiento para ver cuál resulta más efectiva. En Chile, el ministro Jaime Mañalich ha mantenido un gran hermetismo sobre el número de test que se toman al día y cuánto realmente se demoran en estar los resultados. Pese a que el Minsal ha señalado a la prensa que se aplican hasta 3 mil diarios y que tardan entre 24 y 48 horas en tener los resultados, en los servicios de salud hablan de un mínimo de tres días y hasta una semana en las regiones más aisladas. Una demora que, a juicio de epidemiólogos, podría estar afectando la cantidad de casos conocidos y la curva de crecimiento del COVID-19 en el país, la que ha sido calificada como “única en el mundo”.",,2020-03-25 21:12:37,,55,48,0,https://m.facebook.com/story.php?story_fbid=10158392463396052&id=80606026051,
10158392258196052,"DEPORTES| “Los clubes van a tener que seguir haciendo las cosas en función de la liquidez y al dinero que nos va entregando”, sostuvo Jorge Uauy
ELMOSTRADOR.CL
Presidente de Palestino y continuidad del torneo en medio de pandemia del coronavirus: “Vamos a bailar al ritmo de las platas del CDF”","DEPORTES| “Los clubes van a tener que seguir haciendo las cosas en función de la liquidez y al dinero que nos va entregando”, sostuvo Jorge Uauy","ELMOSTRADOR.CL
Presidente de Palestino y continuidad del torneo en medio de pandemia del coronavirus: “Vamos a bailar al ritmo de las platas del CDF”",2020-03-25 21:10:14,https://external.fscl6-1.fna.fbcdn.net/safe_image.php?d=AQAQB7qh0Na0b_zd&w=476&h=249&url=https%3A%2F%2Fwww.elmostrador.cl%2Fmedia%2F2020%2F03%2Fpalestining.jpg&cfs=1&jq=75&ext=jpg&_nc_hash=AQCaLh4-ZprEX0Em,7,0,0,https://m.facebook.com/story.php?story_fbid=10158392258196052&id=80606026051,https://www.elmostrador.cl/dia/2020/03/25/presidente-de-palestino-y-continuidad-del-torneo-en-medio-de-pandemia-del-coronavirus-vamos-a-bailar-al-ritmo-de-las-platas-del-cdf/
10158392436306052,"Supermercados, farmacias, transporte público seguirán funcionando
ELMOSTRADOR.CL
Lo que necesita saber, lo que puede hacer y lo que está prohibido durante la cuarentena total","Supermercados, farmacias, transporte público seguirán funcionando","ELMOSTRADOR.CL
Lo que necesita saber, lo que puede hacer y lo que está prohibido durante la cuarentena total",2020-03-25 21:01:57,https://external.fscl6-1.fna.fbcdn.net/safe_image.php?d=AQB5FmKXLL2VX8Mw&w=476&h=249&url=https%3A%2F%2Fwww.elmostrador.cl%2Fmedia%2F2020%2F03%2FA_UNO_1170271_53a7c.jpg&cfs=1&jq=75&ext=jpg&_nc_hash=AQA4LdOHbsVaEj6a,4,2,7,https://m.facebook.com/story.php?story_fbid=10158392436306052&id=80606026051,https://www.elmostrador.cl/noticias/pais/2020/03/25/lo-que-necesita-saber-lo-que-puede-hacer-y-lo-que-esta-prohibido-durante-la-cuarentena-total/
10158392158626052,"PANORAMAS| Miércoles 25 de marzo , 20:00 horas
ELMOSTRADOR.CL
Hoy: Municipal Delivery presenta ópera chilena ""El Cristo de Elqui"" vía streaming","PANORAMAS| Miércoles 25 de marzo , 20:00 horas","ELMOSTRADOR.CL
Hoy: Municipal Delivery presenta ópera chilena ""El Cristo de Elqui"" vía streaming",2020-03-25 21:00:31,https://external.fscl6-1.fna.fbcdn.net/safe_image.php?d=AQBAzMDmAw2ByDqK&w=476&h=249&url=https%3A%2F%2Fwww.elmostrador.cl%2Fmedia%2F2020%2F03%2FEl-Cristo-de-Elqui.jpg&cfs=1&jq=75&sx=22&sy=0&sw=703&sh=368&ext=jpg&_nc_hash=AQBvqpkieF702Fkp,6,0,0,https://m.facebook.com/story.php?story_fbid=10158392158626052&id=80606026051,https://www.elmostrador.cl/cultura/2020/03/25/hoy-municipal-delivery-presenta-opera-chilena-el-cristo-de-elqui-via-streaming/
10158392404796052,"VIDEO| Según los familiares, la Armada impidió el oportuno rescate de los pescadores, debido a que tienen un protocolo para este tipo de situaciones
ELMOSTRADOR.CL
Familiares de las víctimas que dejó choque de embarcaciones en Corral atacan oficina de la Armada: acusan que son culpables de tardío rescate","VIDEO| Según los familiares, la Armada impidió el oportuno rescate de los pescadores, debido a que tienen un protocolo para este tipo de situaciones","ELMOSTRADOR.CL
Familiares de las víctimas que dejó choque de embarcaciones en Corral atacan oficina de la Armada: acusan que son culpables de tardío rescate",2020-03-25 20:51:52,https://external.fscl6-1.fna.fbcdn.net/safe_image.php?d=AQA5eP07i13Xpp0v&w=476&h=249&url=https%3A%2F%2Fwww.elmostrador.cl%2Fmedia%2F2020%2F03%2Fataque-oficina-armada.png&cfs=1&jq=75&ext=jpg&_nc_hash=AQCn4lpCzf_pKoEq,33,2,45,https://m.facebook.com/story.php?story_fbid=10158392404796052&id=80606026051,https://www.elmostrador.cl/dia/2020/03/25/familiares-de-las-victimas-que-dejo-choque-de-embarcaciones-en-corral-atacan-oficina-de-la-armada-acusan-que-son-culpables-de-tardio-rescate/
10158392247131052,"MERCADOS| Debido a esto informaron que se reducirá el personal que trabaja en los proyectos y que también disminuirán los traslados terrestres y aéreos.
ELMOSTRADOR.CL
Codelco anunció la suspensión temporal de tres proyectos para responder a “la necesidad de mejorar las condiciones de seguridad sanitaria""",MERCADOS| Debido a esto informaron que se reducirá el personal que trabaja en los proyectos y que también disminuirán los traslados terrestres y aéreos.,"ELMOSTRADOR.CL
Codelco anunció la suspensión temporal de tres proyectos para responder a “la necesidad de mejorar las condiciones de seguridad sanitaria""",2020-03-25 20:50:31,https://external.fscl6-1.fna.fbcdn.net/safe_image.php?d=AQBgwcKkcvFrc7JD&w=476&h=249&url=https%3A%2F%2Fwww.elmostrador.cl%2Fmedia%2F2020%2F03%2FA_UNO_1106046_de92f.jpg&cfs=1&jq=75&ext=jpg&_nc_hash=AQBdXRBv59sPjCZD,7,0,3,https://m.facebook.com/story.php?story_fbid=10158392247131052&id=80606026051,https://www.elmostrador.cl/dia/2020/03/25/codelco-anuncio-la-suspension-temporal-de-tres-proyectos-para-responder-a-la-necesidad-de-mejorar-las-condiciones-de-seguridad-sanitaria/
10158392394231052,"Hemos convenido que el aeropuerto de Sao Paulo será un aeropuerto de tránsito para los chilenos que tengan como destino final Chile”, dijo el ministro de Relaciones Exteriores
ELMOSTRADOR.CL
Canciller Ribera anunció acuerdo con Brasil para agilizar retorno de chilenos varados a raíz del COVID-19","Hemos convenido que el aeropuerto de Sao Paulo será un aeropuerto de tránsito para los chilenos que tengan como destino final Chile”, dijo el ministro de Relaciones Exteriores","ELMOSTRADOR.CL
Canciller Ribera anunció acuerdo con Brasil para agilizar retorno de chilenos varados a raíz del COVID-19",2020-03-25 20:47:26,https://external.fscl6-1.fna.fbcdn.net/safe_image.php?d=AQBhxGl8b_VOAWgr&w=476&h=249&url=https%3A%2F%2Fwww.elmostrador.cl%2Fmedia%2F2019%2F06%2FA_UNO_1084039-700x467.jpg&cfs=1&jq=75&ext=jpg&_nc_hash=AQCh-N2q_8J0KHuT,4,0,0,https://m.facebook.com/story.php?story_fbid=10158392394231052&id=80606026051,https://www.elmostrador.cl/noticias/2020/03/25/canciller-rivera-anuncio-acuerdo-con-brasil-para-agilizar-retorno-de-chilenos-varados-a-raiz-del-covid-19/
10158392241466052,"MUNDO| Ante las alertas de escasez de equipos médicos en EE.UU. para combatir la pandemia de covid-19, distintas voces le piden a Donald Trump que aplique la Ley de Producción de Defensa
ELMOSTRADOR.CL
Coronavirus en EE.UU.: qué es la Ley de Producción de Defensa de la época de la guerra de Corea para obligar a las empresas a fabricar material médico","MUNDO| Ante las alertas de escasez de equipos médicos en EE.UU. para combatir la pandemia de covid-19, distintas voces le piden a Donald Trump que aplique la Ley de Producción de Defensa","ELMOSTRADOR.CL
Coronavirus en EE.UU.: qué es la Ley de Producción de Defensa de la época de la guerra de Corea para obligar a las empresas a fabricar material médico",2020-03-25 20:40:37,https://external.fscl6-1.fna.fbcdn.net/safe_image.php?d=AQAFEbF8u7I3kuiK&w=476&h=249&url=https%3A%2F%2Fwww.elmostrador.cl%2Fmedia%2F2020%2F03%2F111412434_guantes.jpg&cfs=1&jq=75&ext=jpg&_nc_hash=AQCP8vmx93sas1Tl,0,0,3,https://m.facebook.com/story.php?story_fbid=10158392241466052&id=80606026051,https://www.elmostrador.cl/dia/2020/03/25/coronavirus-en-ee-uu-que-es-la-ley-de-produccion-de-defensa-de-la-epoca-de-la-guerra-de-corea-para-obligar-a-las-empresas-a-fabricar-material-medico/
10158392366426052,"“No tengo mayor información. Sé lo mismo que ustedes”, dijo, por ejemplo, el alcalde de Vitacura, Raúl Torrealba
ELMOSTRADOR.CL
Alcaldes con cuarentena total decretada por el Gobierno desconcertados: están traduciendo ""estas medidas en instrucciones más precisas""","“No tengo mayor información. Sé lo mismo que ustedes”, dijo, por ejemplo, el alcalde de Vitacura, Raúl Torrealba","ELMOSTRADOR.CL
Alcaldes con cuarentena total decretada por el Gobierno desconcertados: están traduciendo ""estas medidas en instrucciones más precisas""",2020-03-25 20:37:15,https://external.fscl6-1.fna.fbcdn.net/safe_image.php?d=AQAEKBTvRHGbop1j&w=476&h=249&url=https%3A%2F%2Fwww.elmostrador.cl%2Fmedia%2F2020%2F03%2Falcaldes-cuarentena.jpg&cfs=1&jq=75&ext=jpg&_nc_hash=AQAd3miKCBTr3EjF,12,1,14,https://m.facebook.com/story.php?story_fbid=10158392366426052&id=80606026051,https://www.elmostrador.cl/dia/2020/03/25/alcaldes-con-cuarentena-total-decretada-por-el-gobierno-desconcertados-estan-traduciendo-estas-medidas-en-instrucciones-mas-precisas/
10158392116811052,"El documento se obtendrá con la clave única en el sitio Comisariavirtual.cl en caso de no tener clave única se habilitará su obtención online
ELMOSTRADOR.CL
Revisa el instructivo para conseguir el permiso de salida durante la cuarentena",El documento se obtendrá con la clave única en el sitio Comisariavirtual.cl en caso de no tener clave única se habilitará su obtención online,"ELMOSTRADOR.CL
Revisa el instructivo para conseguir el permiso de salida durante la cuarentena",2020-03-25 20:35:53,https://external.fscl6-1.fna.fbcdn.net/safe_image.php?d=AQCl_Utwj8_nUk6E&w=476&h=249&url=https%3A%2F%2Fwww.elmostrador.cl%2Fmedia%2F2020%2F03%2FA_UNO_1170260_06ccf.jpg&cfs=1&jq=75&ext=jpg&_nc_hash=AQCPBpKS73Onm5Gy,3,2,12,https://m.facebook.com/story.php?story_fbid=10158392116811052&id=80606026051,https://www.elmostrador.cl/dia/2020/03/25/revisa-el-instructivo-para-conseguir-el-permiso-de-salida-durante-la-cuarentena/
10158392141351052,"GENERACIÓN M| Ante el cierre de las fronteras de Panamá, además de regentar vuelos la aerolínea se compromete a gestionar el regreso de pasajeros a países de origen
ELMOSTRADOR.CL
Copa Airlines anuncia paro de operaciones pero inicia programa Regreso a Casa","GENERACIÓN M| Ante el cierre de las fronteras de Panamá, además de regentar vuelos la aerolínea se compromete a gestionar el regreso de pasajeros a países de origen","ELMOSTRADOR.CL
Copa Airlines anuncia paro de operaciones pero inicia programa Regreso a Casa",2020-03-25 20:30:12,https://external.fscl6-1.fna.fbcdn.net/safe_image.php?d=AQBJRCbf_w9ovvK8&w=476&h=249&url=https%3A%2F%2Fwww.elmostrador.cl%2Fmedia%2F2020%2F03%2Fcopa-airlines.jpg&cfs=1&jq=75&ext=jpg&_nc_hash=AQAkGVBNr0WDJnJp,3,0,0,https://m.facebook.com/story.php?story_fbid=10158392141351052&id=80606026051,https://www.elmostrador.cl/generacion-m/2020/03/25/copa-airlines-anuncia-paro-de-operaciones-pero-inicia-programa-regreso-a-casa/
10158392135261052,"MUNDO| ""Créanme, lo más seguro ahora es quedarse en casa"", resaltó el presidente ruso
ELMOSTRADOR.CL
Al igual que en Chile: Putin aplaza el plebiscito constitucional ruso debido al coronavirus","MUNDO| ""Créanme, lo más seguro ahora es quedarse en casa"", resaltó el presidente ruso","ELMOSTRADOR.CL
Al igual que en Chile: Putin aplaza el plebiscito constitucional ruso debido al coronavirus",2020-03-25 20:20:24,https://external.fscl6-1.fna.fbcdn.net/safe_image.php?d=AQAmartjBlLpeRVr&w=476&h=249&url=https%3A%2F%2Fwww.elmostrador.cl%2Fmedia%2F2020%2F03%2F52715579_303.jpg&cfs=1&jq=75&ext=jpg&_nc_hash=AQBVoUUurOSjET-W,39,6,8,https://m.facebook.com/story.php?story_fbid=10158392135261052&id=80606026051,https://www.elmostrador.cl/dia/2020/03/25/al-igual-que-en-chile-putin-aplaza-el-plebiscito-constitucional-ruso-debido-al-coronavirus/
10158392126656052,"BRAGA| Frente a la llegada del Covid-19, los expertos señalan que, si dentro de la pareja hay un individuo contagiado, no es recomendable tener contacto íntimo
ELMOSTRADOR.CL
¿Cómo llevar la intimidad en tiempos de coronavirus?","BRAGA| Frente a la llegada del Covid-19, los expertos señalan que, si dentro de la pareja hay un individuo contagiado, no es recomendable tener contacto íntimo","ELMOSTRADOR.CL
¿Cómo llevar la intimidad en tiempos de coronavirus?",2020-03-25 20:10:26,https://external.fscl6-1.fna.fbcdn.net/safe_image.php?d=AQBB4of_IbaMzOUH&w=476&h=249&url=https%3A%2F%2Fwww.elmostrador.cl%2Fmedia%2F2020%2F03%2FA_UNO_1168175-700x490.jpg&cfs=1&jq=75&ext=jpg&_nc_hash=AQCEMqbQKHfKUwjn,7,7,0,https://m.facebook.com/story.php?story_fbid=10158392126656052&id=80606026051,https://www.elmostrador.cl/braga/2020/03/25/como-llevar-la-intimidad-en-tiempos-de-coronavirus/
10158392084951052,"PANORAMAS| Miércoles 25 de marzo, 22:00 horas
ELMOSTRADOR.CL
Hoy: ""Concierto íntimo en casa"" de Pedro Aznar vía streaming","PANORAMAS| Miércoles 25 de marzo, 22:00 horas","ELMOSTRADOR.CL
Hoy: ""Concierto íntimo en casa"" de Pedro Aznar vía streaming",2020-03-25 20:00:15,https://external.fscl6-1.fna.fbcdn.net/safe_image.php?d=AQD0Yhxi80ZSQc7V&w=476&h=249&url=https%3A%2F%2Fwww.elmostrador.cl%2Fmedia%2F2020%2F03%2F91239581_10156535573411706_3738471445768962048_n.jpg&cfs=1&jq=75&sx=0&sy=0&sw=682&sh=357&ext=jpg&_nc_hash=AQDAqVLiQ0sr8rDh,139,9,112,https://m.facebook.com/story.php?story_fbid=10158392084951052&id=80606026051,https://www.elmostrador.cl/cultura/2020/03/25/hoy-concierto-intimo-en-casa-de-pedro-aznar-via-streaming/
10158392074361052,"DEPORTES| El exfutbolista afirmó el Gobierno “tienen que cerrar el metro y los buses. La cuarentena tiene que ser total. El país tiene que cerrar completo”
ELMOSTRADOR.CL
Desde China, exfutbolista Jorge Vargas advierte al Gobierno: ""El toque de queda no sirve""",DEPORTES| El exfutbolista afirmó el Gobierno “tienen que cerrar el metro y los buses. La cuarentena tiene que ser total. El país tiene que cerrar completo”,"ELMOSTRADOR.CL
Desde China, exfutbolista Jorge Vargas advierte al Gobierno: ""El toque de queda no sirve""",2020-03-25 19:50:40,https://external.fscl6-1.fna.fbcdn.net/safe_image.php?d=AQBTWa6sLaRGe10z&w=476&h=249&url=https%3A%2F%2Fwww.elmostrador.cl%2Fmedia%2F2020%2F03%2FBznoCTeCEAAqPLn.jpg&cfs=1&jq=75&ext=jpg&_nc_hash=AQD4uIxaWwI0tJHV,14,1,0,https://m.facebook.com/story.php?story_fbid=10158392074361052&id=80606026051,https://www.elmostrador.cl/dia/2020/03/25/desde-china-exfutbolista-jorge-vargas-advierte-al-gobierno-el-toque-de-queda-no-sirve/
10158392066041052,"Según los testimonios de los vecinos, vieron al puma en el sector de Monseñor Edwards con Echeñique
ELMOSTRADOR.CL
Descartan presencia de puma en la comuna de La Reina","Según los testimonios de los vecinos, vieron al puma en el sector de Monseñor Edwards con Echeñique","ELMOSTRADOR.CL
Descartan presencia de puma en la comuna de La Reina",2020-03-25 19:40:04,https://external.fscl6-1.fna.fbcdn.net/safe_image.php?d=AQAO7a6OYZ2Yiz-r&w=476&h=249&url=https%3A%2F%2Fwww.elmostrador.cl%2Fmedia%2F2020%2F03%2FA_UNO_1170069-700x467.jpg&cfs=1&jq=75&ext=jpg&_nc_hash=AQDDXeB8z2yVrAnM,4,8,0,https://m.facebook.com/story.php?story_fbid=10158392066041052&id=80606026051,https://www.elmostrador.cl/dia/2020/03/25/descartan-presencia-de-puma-en-la-comuna-de-la-reina/
10158392060536052,"""Hemos convenido que el aeropuerto de Sao Paulo será un aeropuerto de tránsito para los chilenos que tengan como destino final Chile”, dijo el ministro de Relaciones Exteriores
ELMOSTRADOR.CL
Canciller Rivera anunció acuerdo con Brasil para agilizar retorno de chilenos varados a raíz del COVID-19","""Hemos convenido que el aeropuerto de Sao Paulo será un aeropuerto de tránsito para los chilenos que tengan como destino final Chile”, dijo el ministro de Relaciones Exteriores","ELMOSTRADOR.CL
Canciller Rivera anunció acuerdo con Brasil para agilizar retorno de chilenos varados a raíz del COVID-19",2020-03-25 19:30:40,https://external.fscl6-1.fna.fbcdn.net/safe_image.php?d=AQBhxGl8b_VOAWgr&w=476&h=249&url=https%3A%2F%2Fwww.elmostrador.cl%2Fmedia%2F2019%2F06%2FA_UNO_1084039-700x467.jpg&cfs=1&jq=75&ext=jpg&_nc_hash=AQCh-N2q_8J0KHuT,9,0,0,https://m.facebook.com/story.php?story_fbid=10158392060536052&id=80606026051,https://www.elmostrador.cl/noticias/2020/03/25/canciller-rivera-anuncio-acuerdo-con-brasil-para-agilizar-retorno-de-chilenos-varados-a-raiz-del-covid-19/
10158392114091052,"El documento se obtendrá con la clave única en el sitio Comisariavirtual.cl en caso de no tener clave única se habilitará su obtención online
ELMOSTRADOR.CL
Revisa el instructivo para conseguir el permiso de salida durante la cuarentena",El documento se obtendrá con la clave única en el sitio Comisariavirtual.cl en caso de no tener clave única se habilitará su obtención online,"ELMOSTRADOR.CL
Revisa el instructivo para conseguir el permiso de salida durante la cuarentena",2020-03-25 19:23:59,https://external.fscl6-1.fna.fbcdn.net/safe_image.php?d=AQCl_Utwj8_nUk6E&w=476&h=249&url=https%3A%2F%2Fwww.elmostrador.cl%2Fmedia%2F2020%2F03%2FA_UNO_1170260_06ccf.jpg&cfs=1&jq=75&ext=jpg&_nc_hash=AQCPBpKS73Onm5Gy,12,12,22,https://m.facebook.com/story.php?story_fbid=10158392114091052&id=80606026051,https://www.elmostrador.cl/dia/2020/03/25/revisa-el-instructivo-para-conseguir-el-permiso-de-salida-durante-la-cuarentena/
10158392056211052,"La medida de la cuarentena total y estricta, que implica que desde mañana a las 22 horas, no podrán salir, salvo excepciones, por 7 días prorrogables, fue criticado porque, salvo la información entregada por el ministro Mañalich, no ha sido explicada por otra entidad de Gobierno
ELMOSTRADOR.CL
Diputados valoran cuarentena total decretada por Mañalich pero critican lo tardía de la medida: ""Debió decretarla hace 7 días""","La medida de la cuarentena total y estricta, que implica que desde mañana a las 22 horas, no podrán salir, salvo excepciones, por 7 días prorrogables, fue criticado porque, salvo la información entregada por el ministro Mañalich, no ha sido explicada por otra entidad de Gobierno","ELMOSTRADOR.CL
Diputados valoran cuarentena total decretada por Mañalich pero critican lo tardía de la medida: ""Debió decretarla hace 7 días""",2020-03-25 19:20:06,https://external.fscl6-1.fna.fbcdn.net/safe_image.php?d=AQA8k8TCRc8hIryA&w=476&h=249&url=https%3A%2F%2Fwww.elmostrador.cl%2Fmedia%2F2020%2F03%2FA_UNO_1170185-700x467.jpg&cfs=1&jq=75&ext=jpg&_nc_hash=AQCEnaWL3PS-tgPV,24,32,6,https://m.facebook.com/story.php?story_fbid=10158392056211052&id=80606026051,https://www.elmostrador.cl/dia/2020/03/25/diputados-valoran-cuarentena-total-decretada-por-manalich-pero-critican-lo-tardia-de-la-medida-debio-decretarla-hace-7-dias/
10158392041896052,"AGENDA PAÍS| Todos los voluntarios provienen de Wuhan. A ellos se les hará un seguimiento de seis meses para comprobar la efectividad de la vacuna
ELMOSTRADOR.CL
La carrera por la vacuna contra el Covid-19: China ya la ha probado en más de 100 voluntarios",AGENDA PAÍS| Todos los voluntarios provienen de Wuhan. A ellos se les hará un seguimiento de seis meses para comprobar la efectividad de la vacuna,"ELMOSTRADOR.CL
La carrera por la vacuna contra el Covid-19: China ya la ha probado en más de 100 voluntarios",2020-03-25 19:03:21,https://external.fscl6-1.fna.fbcdn.net/safe_image.php?d=AQAwuaWObsqrnawx&w=476&h=249&url=https%3A%2F%2Fwww.elmostrador.cl%2Fmedia%2F2020%2F03%2Fcoronavirus-vacuna-efe.jpg&cfs=1&jq=75&ext=jpg&_nc_hash=AQDtGRBryHOe6z6o,22,0,18,https://m.facebook.com/story.php?story_fbid=10158392041896052&id=80606026051,https://www.elmostrador.cl/agenda-pais/2020/03/25/la-carrera-por-la-vacuna-contra-el-covid-19-china-ya-la-ha-probado-en-mas-de-100-voluntarios/
10158391830516052,"BRAGA| “Hacemos también un llamado a cuidar el abastecimiento de la medicación necesaria para personas que viven con VIH y los tratamientos hormonales para personas trans”, dijeron desde la fundación
ELMOSTRADOR.CL
Fundación Iguales pide al Gobierno implementar políticas de Estado antidiscriminatorias ante el avance del coronavirus","BRAGA| “Hacemos también un llamado a cuidar el abastecimiento de la medicación necesaria para personas que viven con VIH y los tratamientos hormonales para personas trans”, dijeron desde la fundación","ELMOSTRADOR.CL
Fundación Iguales pide al Gobierno implementar políticas de Estado antidiscriminatorias ante el avance del coronavirus",2020-03-25 18:40:55,https://external.fscl6-1.fna.fbcdn.net/safe_image.php?d=AQCUjFm7gVyB8SBm&w=476&h=249&url=https%3A%2F%2Fwww.elmostrador.cl%2Fmedia%2F2018%2F06%2FA_UNO_958033-700x467.jpg&cfs=1&jq=75&sx=0&sy=101&sw=700&sh=366&l&ext=jpg&_nc_hash=AQCY3RCiAOMHb4Yp,4,0,0,https://m.facebook.com/story.php?story_fbid=10158391830516052&id=80606026051,https://www.elmostrador.cl/braga/2020/03/25/fundacion-iguales-pide-al-gobierno-implementar-politicas-de-estado-antidiscriminatorias-ante-el-avance-del-coronavirus/
10158391824176052,"CULTURA| El segundo fin de semana de 2020, el científico Javier Jaimes notó algo extraño en su correo electrónico: “Estaba enloquecido”
ELMOSTRADOR.CL
Coronavirus: 3 científicos latinoamericanos que están a la vanguardia de la lucha contra covid-19 (y los retos que enfrentan)","CULTURA| El segundo fin de semana de 2020, el científico Javier Jaimes notó algo extraño en su correo electrónico: “Estaba enloquecido”","ELMOSTRADOR.CL
Coronavirus: 3 científicos latinoamericanos que están a la vanguardia de la lucha contra covid-19 (y los retos que enfrentan)",2020-03-25 18:30:18,https://external.fscl6-1.fna.fbcdn.net/safe_image.php?d=AQBQKKpE3_SyQM-v&w=476&h=249&url=https%3A%2F%2Fwww.elmostrador.cl%2Fmedia%2F2020%2F03%2F111383669_whatsubject.jpg&cfs=1&jq=75&sx=53&sy=0&sw=692&sh=362&ext=jpg&_nc_hash=AQCyuWx1s4QK2rOP,34,1,24,https://m.facebook.com/story.php?story_fbid=10158391824176052&id=80606026051,https://www.elmostrador.cl/cultura/2020/03/25/coronavirus-3-cientificos-latinoamericanos-que-estan-a-la-vanguardia-de-la-lucha-contra-covid-19-y-los-retos-que-enfrentan/
10158391817576052,"Cuando la situación se normalice, se realizarán los descuentos si corresponde y se aplicará el cobro de lo consumido realmente
ELMOSTRADOR.CL
Enel suspende lectura de consumo eléctrico y procederá a cobrar un consumo promedio de los últimos meses","Cuando la situación se normalice, se realizarán los descuentos si corresponde y se aplicará el cobro de lo consumido realmente","ELMOSTRADOR.CL
Enel suspende lectura de consumo eléctrico y procederá a cobrar un consumo promedio de los últimos meses",2020-03-25 18:20:23,https://external.fscl6-1.fna.fbcdn.net/safe_image.php?d=AQDMBAv_jotCd_rx&w=476&h=249&url=https%3A%2F%2Fwww.elmostrador.cl%2Fmedia%2F2020%2F03%2FA_UNO_1072166-700x467.jpg&cfs=1&jq=75&ext=jpg&_nc_hash=AQCDMx8RIAfOh91V,32,65,55,https://m.facebook.com/story.php?story_fbid=10158391817576052&id=80606026051,https://www.elmostrador.cl/noticias/pais/2020/03/25/enel-suspende-lectura-de-consumo-electrico-y-procedera-a-cobrar-un-consumo-promedio-de-los-ultimos-meses/
10158391785676052,"VIDEO| La seremi de Salud de la región de Los Lagos, Scarlett Molt, anunciará el cierre total de la provincia mediante un cordón sanitario para prevenir la enfremedad
ELMOSTRADOR.CL
Comunidades de la Isla de Chiloé se manifiestan en el canal de Chacao para impedir flujo de vehículos a raíz del coronavirus","VIDEO| La seremi de Salud de la región de Los Lagos, Scarlett Molt, anunciará el cierre total de la provincia mediante un cordón sanitario para prevenir la enfremedad","ELMOSTRADOR.CL
Comunidades de la Isla de Chiloé se manifiestan en el canal de Chacao para impedir flujo de vehículos a raíz del coronavirus",2020-03-25 18:10:45,https://external.fscl6-1.fna.fbcdn.net/safe_image.php?d=AQATFWvqG3Vuh3CC&w=476&h=249&url=https%3A%2F%2Fwww.elmostrador.cl%2Fmedia%2F2020%2F03%2FScreenshot_3-8.png&cfs=1&jq=75&ext=jpg&_nc_hash=AQCvM1qme8SgcIUm,87,0,19,https://m.facebook.com/story.php?story_fbid=10158391785676052&id=80606026051,https://www.elmostrador.cl/noticias/2020/03/25/comunidades-de-la-isla-de-chiloe-se-manifiestan-en-el-canal-de-chacao-para-impedir-flujo-de-vehiculos-a-raiz-del-coronavirus/
10158391809016052,"GENERACIÓN M| Millones de animales silvestres son capturados o criados en cautiverio para ser comercializados en el multimillonario mercado de las mascotas exóticas, “una bomba en lo que se refiere a enfermedades infecciosas o mortales”, dice estudio
ELMOSTRADOR.CL
Informe revela el creciente tráfico de especies exóticas por internet","GENERACIÓN M| Millones de animales silvestres son capturados o criados en cautiverio para ser comercializados en el multimillonario mercado de las mascotas exóticas, “una bomba en lo que se refiere a enfermedades infecciosas o mortales”, dice estudio","ELMOSTRADOR.CL
Informe revela el creciente tráfico de especies exóticas por internet",2020-03-25 17:56:50,https://external.fscl6-1.fna.fbcdn.net/safe_image.php?w=476&h=249&url=https%3A%2F%2Fwww.elmostrador.cl%2Fmedia%2F2020%2F03%2F1026030-768x512-1.jpg&cfs=1&jq=75&ext=jpg&_nc_hash=AQDN2klIHXAYeflT,4,7,7,https://m.facebook.com/story.php?story_fbid=10158391809016052&id=80606026051,https://www.elmostrador.cl/generacion-m/2020/03/25/informe-revela-el-creciente-trafico-de-especies-exoticas-por-internet/
10158391769336052,"El ministro Mañalich hizo el anuncio después de una reunión con el Presidente Piñera, el Ministro de Defensa y el general Carlos Ricotti
ELMOSTRADOR.CL
Coronavirus: Gobierno establece aduana sanitaria en Santiago y cuarentena total para 7 comunas","El ministro Mañalich hizo el anuncio después de una reunión con el Presidente Piñera, el Ministro de Defensa y el general Carlos Ricotti","ELMOSTRADOR.CL
Coronavirus: Gobierno establece aduana sanitaria en Santiago y cuarentena total para 7 comunas",2020-03-25 17:45:34,https://external.fscl6-1.fna.fbcdn.net/safe_image.php?d=AQB2x3esv-H0DEv9&w=476&h=249&url=https%3A%2F%2Fwww.elmostrador.cl%2Fmedia%2F2020%2F03%2FA_UNO_1169979_b2a48.jpg&cfs=1&jq=75&sx=0&sy=37&sw=900&sh=471&ext=jpg&_nc_hash=AQCGPD7XnPYtnNR_,26,43,9,https://m.facebook.com/story.php?story_fbid=10158391769336052&id=80606026051,https://www.elmostrador.cl/noticias/pais/2020/03/25/coronavirus-gobierno-establece-aduana-sanitaria-en-santiago-y-cuarentena-total-para-7-comunas/
10158391711486052,"AHORA| Ministro Mañalich decreta cuarentena estricta para Lo Barnechea, Vitacura, Las Condes, Providencia, Santiago, Ñuñoa e Independencia. Desde mañana a las 22 horas, no podrán salir, salvo excepciones, por 7 días","AHORA| Ministro Mañalich decreta cuarentena estricta para Lo Barnechea, Vitacura, Las Condes, Providencia, Santiago, Ñuñoa e Independencia. Desde mañana a las 22 horas, no podrán salir, salvo excepciones, por 7 días",,2020-03-25 17:32:01,https://scontent.fscl6-1.fna.fbcdn.net/v/t1.0-9/fr/cp0/e15/q65/90312549_10158391711171052_7873913692071395328_n.jpg?_nc_cat=104&_nc_sid=8024bb&_nc_ohc=I0lDfM42L-oAX_O4w4B&_nc_ht=scontent.fscl6-1.fna&_nc_tp=14&oh=d2cb2820b27c5f8899aae696162e245f&oe=5EA25C87,205,218,0,https://m.facebook.com/story.php?story_fbid=10158391711486052&id=80606026051,
10158391648051052,"Karina Riquelme, abogada del centro Cidsur que representa a los integrantes de la comunidad mapuche de Temucuicui, informó que la defensa accedió a cambiar las cautelares por arresto domiciliario, en consideración a razones humanitarias
ELMOSTRADOR.CL
Caso Huracán: defensa de mapuches acepta rebajar las cautelares de general Gonzalo Blu y mayor Patricio Marín","Karina Riquelme, abogada del centro Cidsur que representa a los integrantes de la comunidad mapuche de Temucuicui, informó que la defensa accedió a cambiar las cautelares por arresto domiciliario, en consideración a razones humanitarias","ELMOSTRADOR.CL
Caso Huracán: defensa de mapuches acepta rebajar las cautelares de general Gonzalo Blu y mayor Patricio Marín",2020-03-25 17:15:30,https://external.fscl6-1.fna.fbcdn.net/safe_image.php?d=AQD9Lj9YuP7hjgo_&w=476&h=249&url=https%3A%2F%2Fwww.elmostrador.cl%2Fmedia%2F2020%2F03%2FA_UNO_970796_cfd4f.jpg&cfs=1&jq=75&ext=jpg&_nc_hash=AQBv4e0Gi6-6JqXP,13,7,16,https://m.facebook.com/story.php?story_fbid=10158391648051052&id=80606026051,https://www.elmostrador.cl/dia/2020/03/25/caso-huracan-defensa-de-mapuches-acepta-rebajar-las-cautelares-de-general-gonzalo-blu-y-mayor-patricio-marin/
10158391623811052,"Ya con 220 veinte nuevos casos y 1142 personas contagiadas oficialmente por el Coronaviris, están sobre la mesa las dudas al manejo que ha tenido el Gobierno de la crisis sanitaria y, en especial, de las cifras oficiales que se entregan día a día con el avance de la pandemia en el país. En La Semana Política de hoy, con el director Federico Joannon, y los editores, Héctor Cossio y Marcela Jiménez, se analizaron ambos aspectos, como el temor que al haber un margen desconocido de contagiados aún no notificados o asintomáticos, el virus se expanda más aún. La coordinadora de Mercados, Natalia Saavedra, explicó el proyecto que ingresó hoy al Congreso para el uso del fondo de cesantía, el cambio de paradigma que se está generando en el empleo y el complicado panorama que en el corto plazo se de un escenario con miles de contagiados y desempleados.","Ya con 220 veinte nuevos casos y 1142 personas contagiadas oficialmente por el Coronaviris, están sobre la mesa las dudas al manejo que ha tenido el Gobierno de la crisis sanitaria y, en especial, de las cifras oficiales que se entregan día a día con el avance de la pandemia en el país. En La Semana Política de hoy, con el director Federico Joannon, y los editores, Héctor Cossio y Marcela Jiménez, se analizaron ambos aspectos, como el temor que al haber un margen desconocido de contagiados aún no notificados o asintomáticos, el virus se expanda más aún. La coordinadora de Mercados, Natalia Saavedra, explicó el proyecto que ingresó hoy al Congreso para el uso del fondo de cesantía, el cambio de paradigma que se está generando en el empleo y el complicado panorama que en el corto plazo se de un escenario con miles de contagiados y desempleados.",,2020-03-25 17:11:18,,21,13,0,https://m.facebook.com/story.php?story_fbid=10158391623811052&id=80606026051,
10158391579906052,"TV| En La Semana Política de hoy, con el director Federico Joannon, y los editores, Héctor Cossio y Marcela Jiménez, se analizaron ambos aspectos, como el temor que al haber un margen desconocido de contagiados aún no notificados o asintomáticos
ELMOSTRADOR.CL
La Semana Política en modo remoto analiza los problemas con las cifras oficiales de contagiados del COVID-19 y el escenario económico","TV| En La Semana Política de hoy, con el director Federico Joannon, y los editores, Héctor Cossio y Marcela Jiménez, se analizaron ambos aspectos, como el temor que al haber un margen desconocido de contagiados aún no notificados o asintomáticos","ELMOSTRADOR.CL
La Semana Política en modo remoto analiza los problemas con las cifras oficiales de contagiados del COVID-19 y el escenario económico",2020-03-25 16:59:33,https://external.fscl6-1.fna.fbcdn.net/safe_image.php?d=AQD71m4Lv3GzZQQu&w=476&h=249&url=https%3A%2F%2Fwww.elmostrador.cl%2Fmedia%2F2020%2F03%2FFOTO-LA-SEMANA-POLITICA.jpeg&cfs=1&jq=75&ext=jpg&_nc_hash=AQAEajY4sdlL_xZ2,1,0,0,https://m.facebook.com/story.php?story_fbid=10158391579906052&id=80606026051,https://www.elmostrador.cl/noticias/pais/2020/03/25/la-semana-politica-en-modo-remoto-analiza-los-problemas-con-las-cifras-oficiales-de-contagiados-del-covid-19-y-el-escenario-economico/
10158391571196052,"AGENDA PAÍS| La plataforma de streaming reducirá su tráfico durante los próximos 30 días con el fin de descongestionar las redes
ELMOSTRADOR.CL
La medida de Netflix ante un mayor consumo de internet: reduce su tráfico en un 25% en el país",AGENDA PAÍS| La plataforma de streaming reducirá su tráfico durante los próximos 30 días con el fin de descongestionar las redes,"ELMOSTRADOR.CL
La medida de Netflix ante un mayor consumo de internet: reduce su tráfico en un 25% en el país",2020-03-25 16:56:54,https://external.fscl6-1.fna.fbcdn.net/safe_image.php?d=AQDr1Kp20JzqltRV&w=476&h=249&url=https%3A%2F%2Fwww.elmostrador.cl%2Fmedia%2F2020%2F03%2FA_UNO_692739_62de7-640x460-1.jpg&cfs=1&jq=75&ext=jpg&_nc_hash=AQC6TB83QliJ9316,2,0,2,https://m.facebook.com/story.php?story_fbid=10158391571196052&id=80606026051,https://www.elmostrador.cl/agenda-pais/2020/03/25/la-medida-de-netflix-ante-un-mayor-consumo-de-internet-reduce-su-trafico-en-un-25-en-el-pais/
10158391512861052,"VIDEO| ""Nos esteramos ahora que estamos en cuarentena, pero que es una cuarentena en fase, eso es mentira, eso es querer engañar a la población"", dijo el edil de Cerro Navia
ELMOSTRADOR.CL
""Me sorprende que intente tratarnos como a una tropa de estúpidos"": alcalde de Cerro Navia arremete contra intendente Guevara por polémicos dichos sobre la cuarentena","VIDEO| ""Nos esteramos ahora que estamos en cuarentena, pero que es una cuarentena en fase, eso es mentira, eso es querer engañar a la población"", dijo el edil de Cerro Navia","ELMOSTRADOR.CL
""Me sorprende que intente tratarnos como a una tropa de estúpidos"": alcalde de Cerro Navia arremete contra intendente Guevara por polémicos dichos sobre la cuarentena",2020-03-25 16:40:44,https://external.fscl6-1.fna.fbcdn.net/safe_image.php?d=AQAVhxjXvhVR6DFJ&w=476&h=249&url=https%3A%2F%2Fwww.elmostrador.cl%2Fmedia%2F2020%2F03%2FScreenshot_2-23.png&cfs=1&jq=75&ext=jpg&_nc_hash=AQDqELKVAHLNDBPU,170,21,96,https://m.facebook.com/story.php?story_fbid=10158391512861052&id=80606026051,https://www.elmostrador.cl/noticias/2020/03/25/me-sorprende-que-intente-tratarnos-como-si-fueramos-una-tropa-de-estupidos-alcalde-de-cerro-navia-arremete-contra-intendente-guevara-por-asegurar-que-nosotros-estamos-en-cuarentena-en-todo-el-p/
10158391471476052,"MERCADOS| El presidente de la Confederación de la Producción y del Comercio (CPC), Juan Sutil, explicó que la meta es que la suma alcance los $50 mil millones, por lo que hizo un llamado ""a que sean muchas más empresas y empresarios que se sumen a este gran esfuerzo""
ELMOSTRADOR.CL
Empresarios anuncian creación de fondo sanitario de emergencia para ""colaborar en las necesidades mas apremiantes de los chilenos""","MERCADOS| El presidente de la Confederación de la Producción y del Comercio (CPC), Juan Sutil, explicó que la meta es que la suma alcance los $50 mil millones, por lo que hizo un llamado ""a que sean muchas más empresas y empresarios que se sumen a este gran esfuerzo""","ELMOSTRADOR.CL
Empresarios anuncian creación de fondo sanitario de emergencia para ""colaborar en las necesidades mas apremiantes de los chilenos""",2020-03-25 16:31:06,https://external.fscl6-1.fna.fbcdn.net/safe_image.php?d=AQAxM7FQnyVOQKlI&w=476&h=249&url=https%3A%2F%2Fwww.elmostrador.cl%2Fmedia%2F2020%2F03%2FWhatsApp-Image-2020-03-25-at-14.48.22.jpeg&cfs=1&jq=75&ext=jpg&_nc_hash=AQDp1yoCHwyqYsHl,27,30,4,https://m.facebook.com/story.php?story_fbid=10158391471476052&id=80606026051,https://www.elmostrador.cl/dia/2020/03/25/empresarios-anuncian-creacion-de-fondo-sanitario-de-emergencia-para-colaborar-en-las-necesidades-mas-apremiantes-de-los-chilenos/
10158391302736052,"BRAGA| Según el médico ginecólogo-obstetra y director de la Clínica de Reproducción Humana de la Universidad de Valparaíso, Aníbal Scarella, las embarazadas no serían más propensas al contagio ni a enfermarse
ELMOSTRADOR.CL
Ginecólogo-obstetra de la Universidad de Valparaíso advierte sobre el embarazo y el COVID-19: “Es improbable que si una embarazada se contagia, el virus cause problemas al desarrollo del bebé”","BRAGA| Según el médico ginecólogo-obstetra y director de la Clínica de Reproducción Humana de la Universidad de Valparaíso, Aníbal Scarella, las embarazadas no serían más propensas al contagio ni a enfermarse","ELMOSTRADOR.CL
Ginecólogo-obstetra de la Universidad de Valparaíso advierte sobre el embarazo y el COVID-19: “Es improbable que si una embarazada se contagia, el virus cause problemas al desarrollo del bebé”",2020-03-25 16:20:25,https://external.fscl6-1.fna.fbcdn.net/safe_image.php?d=AQCKkTVNpP6bPnC6&w=476&h=249&url=https%3A%2F%2Fwww.elmostrador.cl%2Fmedia%2F2018%2F10%2Fmujer-embarazada.jpg&cfs=1&jq=75&ext=jpg&_nc_hash=AQCrbU2M9Smx8hUv,12,3,3,https://m.facebook.com/story.php?story_fbid=10158391302736052&id=80606026051,https://www.elmostrador.cl/braga/2020/03/25/ginecologo-obstetra-de-la-universidad-de-valparaiso-advierte-sobre-el-embarazo-y-el-covid-19-es-improbable-que-si-una-embarazada-se-contagia-el-virus-cause-problemas-al-desarrollo-del-bebe/
10158391296536052,"VIDEO| Michelle Bachelet, hizo un llamado a los Gobiernos para que actúen de ""manera urgente"" con el fin de proteger la salud y seguridad de las personas en detención, ya sea en cárceles, residencias de ancianos, hospitales psiquiatricos y otros centros de reclusión
ELMOSTRADOR.CL
""Se debería considerar la liberación de los presos poco peligrosos"": Bachelet llama a proteger la salud de las personas en detención ante pandemia del COVID-19","VIDEO| Michelle Bachelet, hizo un llamado a los Gobiernos para que actúen de ""manera urgente"" con el fin de proteger la salud y seguridad de las personas en detención, ya sea en cárceles, residencias de ancianos, hospitales psiquiatricos y otros centros de reclusión","ELMOSTRADOR.CL
""Se debería considerar la liberación de los presos poco peligrosos"": Bachelet llama a proteger la salud de las personas en detención ante pandemia del COVID-19",2020-03-25 16:10:40,https://external.fscl6-1.fna.fbcdn.net/safe_image.php?d=AQCLl6IDFTXtKxzy&w=476&h=249&url=https%3A%2F%2Fwww.elmostrador.cl%2Fmedia%2F2020%2F03%2FScreenshot_1-11.png&cfs=1&jq=75&ext=jpg&_nc_hash=AQBJmYcE3IRiqcdb,344,274,157,https://m.facebook.com/story.php?story_fbid=10158391296536052&id=80606026051,https://www.elmostrador.cl/noticias/2020/03/25/se-deberia-considerar-la-liberacion-de-los-presos-poco-peligrosos-bachelet-llama-a-los-gobiernos-a-que-protejan-la-salud-de-las-personas-en-detencion-ante-pandemia-del-covid-19/
10158391290651052,"MERCADOS| El metal rojo cayó 0,74% a US$2,15638 la libra en la Bolsa de Metales de Londres
ELMOSTRADOR.CL
Dólar continúa con su tendencia a la baja y el cobre nuevamente vuelve a caer","MERCADOS| El metal rojo cayó 0,74% a US$2,15638 la libra en la Bolsa de Metales de Londres","ELMOSTRADOR.CL
Dólar continúa con su tendencia a la baja y el cobre nuevamente vuelve a caer",2020-03-25 16:00:52,https://external.fscl6-1.fna.fbcdn.net/safe_image.php?d=AQAYlHxxOUkJJfUI&w=476&h=249&url=https%3A%2F%2Fwww.elmostrador.cl%2Fmedia%2F2018%2F09%2Fdolar_peso_1_divisa.jpg&cfs=1&jq=75&ext=jpg&_nc_hash=AQB8KEBawi4TdB5_,4,0,0,https://m.facebook.com/story.php?story_fbid=10158391290651052&id=80606026051,https://www.elmostrador.cl/noticias/2020/03/25/dolar-continua-con-su-tendencia-a-la-baja-y-el-cobre-nuevamente-vuelve-a-caer/
10158391284891052,"CULTURA| El Museo Metropolitano de Nueva York (MET), uno de los más visitados del mundo, pidió este martes al Congreso de EE.UU. que incluya a los museos e instituciones culturales dentro del paquete de estímulos
ELMOSTRADOR.CL
El MET pide a Congreso de EEUU que ayude a museos en riesgo por coronavirus","CULTURA| El Museo Metropolitano de Nueva York (MET), uno de los más visitados del mundo, pidió este martes al Congreso de EE.UU. que incluya a los museos e instituciones culturales dentro del paquete de estímulos","ELMOSTRADOR.CL
El MET pide a Congreso de EEUU que ayude a museos en riesgo por coronavirus",2020-03-25 15:52:15,https://external.fscl6-1.fna.fbcdn.net/safe_image.php?d=AQDW56QBI2XX59KP&w=476&h=249&url=https%3A%2F%2Fwww.elmostrador.cl%2Fmedia%2F2020%2F03%2F800px-The_MET.jpg&cfs=1&jq=75&ext=jpg&_nc_hash=AQBC8D1caHWgPh3C,4,0,0,https://m.facebook.com/story.php?story_fbid=10158391284891052&id=80606026051,https://www.elmostrador.cl/cultura/2020/03/25/el-metropolitano-de-nueva-york-met-pide-a-congreso-de-eeuu-que-ayude-a-museos-en-riesgo-por-coronavirus/
10158391320336052,"Nos encontramos en búsqueda de Ing. Informática con experiencia para integrar el equipo de Informática y área digital. Los interesados/as por favor enviar su curriculum a trabajos@elmostrador.cl , mencionando sus pretensiones de renta. Más información sobre el cargo en https://www.elmostrador.cl/trabaja-con-nosotros/","Nos encontramos en búsqueda de Ing. Informática con experiencia para integrar el equipo de Informática y área digital. Los interesados/as por favor enviar su curriculum a trabajos@elmostrador.cl , mencionando sus pretensiones de renta. Más información sobre el cargo en https://www.elmostrador.cl/trabaja-con-nosotros/",,2020-03-25 15:51:03,https://scontent.fscl6-1.fna.fbcdn.net/v/t1.0-9/90262756_10158391319551052_2887767114536452096_n.png?_nc_cat=107&_nc_sid=8024bb&_nc_ohc=ak9Yop7f0sYAX-dRiEX&_nc_ht=scontent.fscl6-1.fna&oh=4b3c77bc98fba962d782f2482e5b02a6&oe=5EA13285,8,0,0,https://m.facebook.com/story.php?story_fbid=10158391320336052&id=80606026051,https://www.elmostrador.cl/trabaja-con-nosotros/
10158391273991052,"En la resolución de esta mañana, el juez Daniel Urrutia consideró el estado de catástrofe decretado a nivel nacional
ELMOSTRADOR.CL
Juez Daniel Urrutia sufre otro traspié: Corte lo suspende y ordena sumario tras liberar a 13 imputados del caso ""Primera Línea""","En la resolución de esta mañana, el juez Daniel Urrutia consideró el estado de catástrofe decretado a nivel nacional","ELMOSTRADOR.CL
Juez Daniel Urrutia sufre otro traspié: Corte lo suspende y ordena sumario tras liberar a 13 imputados del caso ""Primera Línea""",2020-03-25 15:37:51,https://external.fscl6-1.fna.fbcdn.net/safe_image.php?d=AQANuzky_O3vuDWo&w=476&h=249&url=https%3A%2F%2Fwww.elmostrador.cl%2Fmedia%2F2020%2F03%2FA_UNO_1164121-700x467.jpg&cfs=1&jq=75&ext=jpg&_nc_hash=AQDGD-0GQ0KEdIFP,120,66,176,https://m.facebook.com/story.php?story_fbid=10158391273991052&id=80606026051,https://www.elmostrador.cl/noticias/pais/2020/03/25/juez-daniel-urrutia-sufre-otro-traspie-corte-lo-suspende-y-ordena-sumario-tras-liberar-a-13-imputados-del-caso-primera-linea/
10158391237571052,"MERCADOS| En proyecto agrega dos condiciones clave, mientras se dé la suspensión de servicios y utilización del seguro, el empleador está obligado a pagar enteramente las cotizaciones de salud y de AFP
ELMOSTRADOR.CL
Envían proyecto para utilizar el Fondo de Cesantía en medio de crisis por el Covid 19","MERCADOS| En proyecto agrega dos condiciones clave, mientras se dé la suspensión de servicios y utilización del seguro, el empleador está obligado a pagar enteramente las cotizaciones de salud y de AFP","ELMOSTRADOR.CL
Envían proyecto para utilizar el Fondo de Cesantía en medio de crisis por el Covid 19",2020-03-25 15:28:10,https://external.fscl6-1.fna.fbcdn.net/safe_image.php?d=AQCUpmHgkCooR-yb&w=476&h=249&url=https%3A%2F%2Fwww.elmostrador.cl%2Fmedia%2F2019%2F11%2F1571792364-trabajadores.jpg&cfs=1&jq=75&ext=jpg&_nc_hash=AQD0oDPG3-PHwEgw,13,16,8,https://m.facebook.com/story.php?story_fbid=10158391237571052&id=80606026051,https://www.elmostrador.cl/dia/2020/03/25/envian-proyecto-para-utilizar-el-fondo-de-cesantia-en-medio-de-crisis-por-el-covid-19/
10158391162956052,"VIDEO| El diputado socialista y miembro de la comisión de Relaciones Exteriores volvió a emplazar al gobierno de Piñera, en favor de los turistas nacionales que no han podido retornar al país, ante el avance del coronavirus por el mundo
ELMOSTRADOR.CL
Diputado Naranjo realizó llamado al Gobierno para que se haga cargo de los chilenos varados en el extranjero","VIDEO| El diputado socialista y miembro de la comisión de Relaciones Exteriores volvió a emplazar al gobierno de Piñera, en favor de los turistas nacionales que no han podido retornar al país, ante el avance del coronavirus por el mundo","ELMOSTRADOR.CL
Diputado Naranjo realizó llamado al Gobierno para que se haga cargo de los chilenos varados en el extranjero",2020-03-25 15:06:37,https://external.fscl6-1.fna.fbcdn.net/safe_image.php?d=AQAh8Srks3g97JsK&w=476&h=249&url=https%3A%2F%2Fwww.elmostrador.cl%2Fmedia%2F2020%2F02%2Fjaime-naranjo-agencia-uno3.jpg&cfs=1&jq=75&sx=0&sy=0&sw=640&sh=335&ext=jpg&_nc_hash=AQDXcePmZy1ZIoMm,5,7,5,https://m.facebook.com/story.php?story_fbid=10158391162956052&id=80606026051,https://www.elmostrador.cl/noticias/multimedia/2020/03/25/diputado-naranjo-realizo-llamado-al-gobierno-para-que-se-haga-cargo-de-los-chilenos-varados-en-el-extranjero/amp
10158391091946052,"MERCADOS| Bernardo Larraín Matte recordó el diseño estatal que se aplicó en 2008 para ayudar a las empresas
ELMOSTRADOR.CL
La Sofofa reconoce que considera modelo de nacionalización para rescatar empresas: ""En algún minuto vamos a tener que discutir ese puente""",MERCADOS| Bernardo Larraín Matte recordó el diseño estatal que se aplicó en 2008 para ayudar a las empresas,"ELMOSTRADOR.CL
La Sofofa reconoce que considera modelo de nacionalización para rescatar empresas: ""En algún minuto vamos a tener que discutir ese puente""",2020-03-25 14:46:45,https://external.fscl6-1.fna.fbcdn.net/safe_image.php?d=AQCWvJ05xRuFmanL&w=476&h=249&url=https%3A%2F%2Fwww.elmostrador.cl%2Fmedia%2F2020%2F03%2FA_UNO_1149341_cf9be.jpg&cfs=1&jq=75&ext=jpg&_nc_hash=AQBQzPK0w5h-NT7-,27,37,55,https://m.facebook.com/story.php?story_fbid=10158391091946052&id=80606026051,https://www.elmostrador.cl/noticias/2020/03/25/la-sofofa-reconoce-que-considera-modelo-de-nacionalizacion-para-rescatar-empresas-en-algun-minuto-vamos-a-tener-que-discutir-ese-puente/
10158391043596052,"MUNDO| Las nuevas muertes por la pandemia en España fueron 738 en las últimas 24 horas, un nuevo máximo diario y un 43 por ciento más que los fallecimientos diarios notificados ayer
ELMOSTRADOR.CL
España supera a China en fallecidos por coronavirus al alcanzar 3.434 muertes","MUNDO| Las nuevas muertes por la pandemia en España fueron 738 en las últimas 24 horas, un nuevo máximo diario y un 43 por ciento más que los fallecimientos diarios notificados ayer","ELMOSTRADOR.CL
España supera a China en fallecidos por coronavirus al alcanzar 3.434 muertes",2020-03-25 14:36:08,https://external.fscl6-1.fna.fbcdn.net/safe_image.php?d=AQCC0pAAu72byNXL&w=476&h=249&url=https%3A%2F%2Fwww.elmostrador.cl%2Fmedia%2F2020%2F03%2F84f86372fde12db6098b97153bf373fb631bee72-700x467.jpg&cfs=1&jq=75&ext=jpg&_nc_hash=AQCRQSRQtySN0Cy4,11,1,14,https://m.facebook.com/story.php?story_fbid=10158391043596052&id=80606026051,https://www.elmostrador.cl/dia/2020/03/25/espana-supera-a-china-en-fallecidos-por-coronavirus-al-alcanzar-3-434-muertes/
10158390964811052,"MERCADOS| Asimismo, Yasna Provoste indicó que todos los cambios silenciosos al sistema afectan el corazón del rendimiento de los fondos de pensión
ELMOSTRADOR.CL
Senadores de oposición ingresaron proyecto que responsabiliza a AFPs por rentabilidad de fondos y protege a afiliados","MERCADOS| Asimismo, Yasna Provoste indicó que todos los cambios silenciosos al sistema afectan el corazón del rendimiento de los fondos de pensión","ELMOSTRADOR.CL
Senadores de oposición ingresaron proyecto que responsabiliza a AFPs por rentabilidad de fondos y protege a afiliados",2020-03-25 14:16:39,https://external.fscl6-1.fna.fbcdn.net/safe_image.php?d=AQC18Wns24tbTLOS&w=476&h=249&url=https%3A%2F%2Fwww.elmostrador.cl%2Fmedia%2F2020%2F01%2FYasna-Provoste.jpg&cfs=1&jq=75&sx=0&sy=54&sw=640&sh=335&ext=jpg&_nc_hash=AQDDT2neJR7zLgr5,366,63,221,https://m.facebook.com/story.php?story_fbid=10158390964811052&id=80606026051,https://www.elmostrador.cl/dia/2020/03/25/senadores-de-oposicion-ingresaron-proyecto-que-responsabiliza-a-afps-por-rentabilidad-de-fondos-y-protege-a-afiliados/
10158390858286052,"AGENDA PAÍS| Producto del brote del Covid-19, y con el propósito de disminuir la posibilidad de contacto entre las personas, la compañía implementó distintos protocolos para mantener la continuidad operacional de la red eléctrica
ELMOSTRADOR.CL
Enel Distribución suspende reparto de boletas y lectura de consumo para resguardar salud de colaboradores y clientes","AGENDA PAÍS| Producto del brote del Covid-19, y con el propósito de disminuir la posibilidad de contacto entre las personas, la compañía implementó distintos protocolos para mantener la continuidad operacional de la red eléctrica","ELMOSTRADOR.CL
Enel Distribución suspende reparto de boletas y lectura de consumo para resguardar salud de colaboradores y clientes",2020-03-25 14:00:04,https://external.fscl6-1.fna.fbcdn.net/safe_image.php?d=AQDeTs7MpT_6pswr&w=476&h=249&url=https%3A%2F%2Fwww.elmostrador.cl%2Fmedia%2F2019%2F02%2Fenel-logo-1.jpg&cfs=1&jq=75&ext=jpg&_nc_hash=AQDmg45_oPs5TW6c,18,17,4,https://m.facebook.com/story.php?story_fbid=10158390858286052&id=80606026051,https://www.elmostrador.cl/agenda-pais/2020/03/25/enel-distribucion-suspende-reparto-de-boletas-y-lectura-de-consumo-para-resguardar-salud-de-colaboradores-y-clientes/
10158390837726052,"VIDEO| Un grupo de chilenos realizó un video denuncia, en el cual representan a los 290 compatriotas que se encuentran varados en Cuba hace más de una semana
ELMOSTRADOR.CL
Chilenos varados en Cuba denuncian nula ayuda de la embajada y exigen que el Gobierno envíe un avión para retornar al país","VIDEO| Un grupo de chilenos realizó un video denuncia, en el cual representan a los 290 compatriotas que se encuentran varados en Cuba hace más de una semana","ELMOSTRADOR.CL
Chilenos varados en Cuba denuncian nula ayuda de la embajada y exigen que el Gobierno envíe un avión para retornar al país",2020-03-25 13:50:38,https://external.fscl6-1.fna.fbcdn.net/safe_image.php?d=AQC2XwWQQx7Mh6fw&w=476&h=249&url=https%3A%2F%2Fwww.elmostrador.cl%2Fmedia%2F2020%2F03%2Fchilenos-varados-en-cuba.jpg&cfs=1&jq=75&sx=0&sy=10&sw=594&sh=311&ext=jpg&_nc_hash=AQBNYRUMMfHeCGGT,20,75,7,https://m.facebook.com/story.php?story_fbid=10158390837726052&id=80606026051,https://www.elmostrador.cl/noticias/multimedia/2020/03/25/chilenos-varados-en-cuba-denuncian-nula-ayuda-de-la-embajada-y-exigen-que-el-gobierno-envie-un-avion-para-retornar-al-pais/
10158390852146052,"Hay un tercer fallecido de 82 años en Concepción
ELMOSTRADOR.CL
220 nuevos casos de contagiados con COVID-19 superan la barrera de los mil infectados y Gobierno adelanta vacaciones de invierno",Hay un tercer fallecido de 82 años en Concepción,"ELMOSTRADOR.CL
220 nuevos casos de contagiados con COVID-19 superan la barrera de los mil infectados y Gobierno adelanta vacaciones de invierno",2020-03-25 13:45:11,https://external.fscl6-1.fna.fbcdn.net/safe_image.php?d=AQB_RjEmIwuV5ABG&w=476&h=249&url=https%3A%2F%2Fwww.elmostrador.cl%2Fmedia%2F2020%2F03%2FA_UNO_1169182_7a579.jpg&cfs=1&jq=75&sx=0&sy=6&sw=900&sh=471&ext=jpg&_nc_hash=AQD2iPkAqZqgMjbV,0,1,2,https://m.facebook.com/story.php?story_fbid=10158390852146052&id=80606026051,https://www.elmostrador.cl/destacado/2020/03/25/casos-de-covid-19-superan-la-barrera-de-los-mil-contagiados-y-gobierno-adelanta-vacaciones-invierno/
10158390841901052,"MERCADOS| Asimismo, Yasna Provoste indicó que todos los cambios silenciosos al sistema afectan el corazón del rendimiento de los fondos de pensión, impactando de manera significativa los estímulos que deben tener las AFPs
ELMOSTRADOR.CL
Senadores de oposición ingresaron proyecto que responsabiliza a AFPs por rentabilidad de fondos y protege a afiliados","MERCADOS| Asimismo, Yasna Provoste indicó que todos los cambios silenciosos al sistema afectan el corazón del rendimiento de los fondos de pensión, impactando de manera significativa los estímulos que deben tener las AFPs","ELMOSTRADOR.CL
Senadores de oposición ingresaron proyecto que responsabiliza a AFPs por rentabilidad de fondos y protege a afiliados",2020-03-25 13:40:59,https://external.fscl6-1.fna.fbcdn.net/safe_image.php?d=AQC18Wns24tbTLOS&w=476&h=249&url=https%3A%2F%2Fwww.elmostrador.cl%2Fmedia%2F2020%2F01%2FYasna-Provoste.jpg&cfs=1&jq=75&sx=0&sy=54&sw=640&sh=335&ext=jpg&_nc_hash=AQDDT2neJR7zLgr5,242,39,121,https://m.facebook.com/story.php?story_fbid=10158390841901052&id=80606026051,https://www.elmostrador.cl/dia/2020/03/25/senadores-de-oposicion-ingresaron-proyecto-que-responsabiliza-a-afps-por-rentabilidad-de-fondos-y-protege-a-afiliados/
10158390777116052,"PODCAST| Macarena Segovia y Héctor Cossio, panelistas de El Mostrador en La Clave, conversaron junto Fernando Paulsen sobre la nota ""Manto de dudas, secretismo y desfase: los flancos de las cifras oficiales sobre Coronavirus en Chile"" y entre otros
ELMOSTRADOR.CL
El Mostrador en La Clave: las dudas sobre las cifras oficiales de Coronavirus en el país, la aprobación en Cámara del nuevo calendario electoral y el polémico pronunciamiento de Contraloría","PODCAST| Macarena Segovia y Héctor Cossio, panelistas de El Mostrador en La Clave, conversaron junto Fernando Paulsen sobre la nota ""Manto de dudas, secretismo y desfase: los flancos de las cifras oficiales sobre Coronavirus en Chile"" y entre otros","ELMOSTRADOR.CL
El Mostrador en La Clave: las dudas sobre las cifras oficiales de Coronavirus en el país, la aprobación en Cámara del nuevo calendario electoral y el polémico pronunciamiento de Contraloría",2020-03-25 13:30:47,https://external.fscl6-1.fna.fbcdn.net/safe_image.php?d=AQA1dKjsUPImXYWy&w=476&h=249&url=https%3A%2F%2Fwww.elmostrador.cl%2Fmedia%2F2020%2F03%2FElMostradorEnLaClave-1.png&cfs=1&jq=75&ext=jpg&_nc_hash=AQDW9J1Sm5fz3KD6,9,1,7,https://m.facebook.com/story.php?story_fbid=10158390777116052&id=80606026051,https://www.elmostrador.cl/tv/2020/03/25/el-mostrador-en-la-clave-las-dudas-sobre-las-cifras-oficiales-de-coronavirus-en-el-pais-la-aprobacion-en-camara-del-nuevo-calendario-electoral-y-el-polemico-pronunciamiento-de-contraloria/
10158390753466052,"A través de la red social Twitter, la Seremi de Gobierno de La Araucanía informó que Pía Bersezio se encuentra cumpliendo con la cuarentena exigida para este caso
ELMOSTRADOR.CL
Seremi de Gobierno de La Araucanía dio positivo en el test de coronavirus","A través de la red social Twitter, la Seremi de Gobierno de La Araucanía informó que Pía Bersezio se encuentra cumpliendo con la cuarentena exigida para este caso","ELMOSTRADOR.CL
Seremi de Gobierno de La Araucanía dio positivo en el test de coronavirus",2020-03-25 13:12:13,https://external.fscl6-1.fna.fbcdn.net/safe_image.php?d=AQA8VDba7X4gVs_W&w=476&h=249&url=https%3A%2F%2Fwww.elmostrador.cl%2Fmedia%2F2020%2F03%2FPia-Bersezio.jpg&cfs=1&jq=75&ext=jpg&_nc_hash=AQCQfY1QV09dwAvf,3,2,2,https://m.facebook.com/story.php?story_fbid=10158390753466052&id=80606026051,https://www.elmostrador.cl/noticias/pais/2020/03/25/seremi-de-gobierno-de-la-araucania-dio-positivo-en-el-test-de-coronavirus/
10158390653341052,"BRAGA| “Hacemos también un llamado a cuidar el abastecimiento de la medicación necesaria para personas que viven con VIH y los tratamientos hormonales para personas trans”, dijeron desde la fundación
ELMOSTRADOR.CL
Fundación Iguales pide al Gobierno implementar políticas de Estado antidiscriminatorias ante el avance del coronavirus","BRAGA| “Hacemos también un llamado a cuidar el abastecimiento de la medicación necesaria para personas que viven con VIH y los tratamientos hormonales para personas trans”, dijeron desde la fundación","ELMOSTRADOR.CL
Fundación Iguales pide al Gobierno implementar políticas de Estado antidiscriminatorias ante el avance del coronavirus",2020-03-25 13:00:02,https://external.fscl6-1.fna.fbcdn.net/safe_image.php?d=AQCUjFm7gVyB8SBm&w=476&h=249&url=https%3A%2F%2Fwww.elmostrador.cl%2Fmedia%2F2018%2F06%2FA_UNO_958033-700x467.jpg&cfs=1&jq=75&l&ext=jpg&_nc_hash=AQDjzqpnjaqcrPNm,11,0,2,https://m.facebook.com/story.php?story_fbid=10158390653341052&id=80606026051,https://www.elmostrador.cl/braga/2020/03/25/fundacion-iguales-pide-al-gobierno-implementar-politicas-de-estado-antidiscriminatorias-ante-el-avance-del-coronavirus/
10158390642886052,"CULTURA/CIENCIA| En una época en la que las guerras ocurren ya lejos de nuestras fronteras y en una zona geográfica en que no se producen grandes catástrofes naturales, COVID-19 revela un flanco vulnerable de nuestras sociedades
ELMOSTRADOR.CL
Coronavirus: La solución solo puede venir del conocimiento","CULTURA/CIENCIA| En una época en la que las guerras ocurren ya lejos de nuestras fronteras y en una zona geográfica en que no se producen grandes catástrofes naturales, COVID-19 revela un flanco vulnerable de nuestras sociedades","ELMOSTRADOR.CL
Coronavirus: La solución solo puede venir del conocimiento",2020-03-25 12:46:43,https://external.fscl6-1.fna.fbcdn.net/safe_image.php?d=AQC4HzhJrX60YiIG&w=476&h=249&url=https%3A%2F%2Fwww.elmostrador.cl%2Fmedia%2F2020%2F03%2Ffile-20200319-22614-134ert2.jpg&cfs=1&jq=75&ext=jpg&_nc_hash=AQAK8YAaeTEK06xH,13,1,5,https://m.facebook.com/story.php?story_fbid=10158390642886052&id=80606026051,https://www.elmostrador.cl/cultura/2020/03/25/coronavirus-la-solucion-solo-puede-venir-del-conocimiento/
